Fechas,Trimestre,Año,Mes,Día,Estación,Precios Bolsa,Precios Caja,Temp Max,Temp Min,Humedad,Precipitaciones,Masa ingreso Bolsa(T),Masa ingreso Caja(T),Incendio Forestal,Lluvias Intensas,Inundacion,Huaico,Fenomeno_Niño
2022-01-01,1,2022,enero,1,verano,1.19,1.47,31.7,21.2,,0,,,0,0,0,0,0
2022-01-02,1,2022,enero,2,verano,1.19,1.47,31.9,21.5,,,324,94,0,0,0,0,0
2022-01-03,1,2022,enero,3,verano,1.25,1.58,32.9,21.1,,,324,29,0,0,0,0,0
2022-01-04,1,2022,enero,4,verano,1.22,1.5,32.9,20,,,14,2,0,0,0,0,0
2022-01-05,1,2022,enero,5,verano,1.22,1.5,32.2,20.6,,,143,,0,0,0,0,0
2022-01-06,1,2022,enero,6,verano,1.25,1.55,31.3,19.2,,,929,95,0,0,0,0,0
2022-01-07,1,2022,enero,7,verano,1.25,1.5,31.3,20,,,543,30,0,0,0,0,0
2022-01-08,1,2022,enero,8,verano,1.25,1.52,33.5,21.4,,,,,0,0,0,0,0
2022-01-09,1,2022,enero,9,verano,1.25,1.52,32,21.7,,,291,60,0,0,0,0,0
2022-01-10,1,2022,enero,10,verano,1.25,1.55,32.8,20.6,,,1182,77,1,0,0,0,0
2022-01-11,1,2022,enero,11,verano,1.22,1.47,31.9,20,,,222,,0,0,0,0,0
2022-01-12,1,2022,enero,12,verano,1.22,1.47,31.5,20.2,,,6,,0,0,0,0,0
2022-01-13,1,2022,enero,13,verano,1.25,1.58,30.7,21.2,,,904,59,0,0,0,0,0
2022-01-14,1,2022,enero,14,verano,1.22,1.58,30.4,22.2,,,,,0,0,0,0,0
2022-01-15,1,2022,enero,15,verano,1.19,1.63,31.2,22.5,,,,,0,0,0,0,0
2022-01-16,1,2022,enero,16,verano,1.19,1.63,33.8,21.6,,,,,0,0,0,0,0
2022-01-17,1,2022,enero,17,verano,1.22,1.74,31.9,21.2,,,,,0,0,0,0,0
2022-01-18,1,2022,enero,18,verano,1.22,1.79,33.9,20.6,,,,,0,0,0,0,0
2022-01-19,1,2022,enero,19,verano,1.22,1.79,31.9,21.5,,,,,0,0,0,0,0
2022-01-20,1,2022,enero,20,verano,1.19,1.74,32.1,22.2,,,,,0,0,0,0,0
2022-01-21,1,2022,enero,21,verano,1.17,1.79,34.3,21.4,,,,,0,0,0,0,0
2022-01-22,1,2022,enero,22,verano,1.22,1.74,31.6,22.2,,,,,0,0,0,0,0
2022-01-23,1,2022,enero,23,verano,1.22,1.74,32.6,22.9,,,,,0,0,0,0,0
2022-01-24,1,2022,enero,24,verano,1.28,1.79,32.7,23,,,,,0,0,0,0,0
2022-01-25,1,2022,enero,25,verano,1.22,1.68,31.5,22.7,,,,,0,0,0,0,0
2022-01-26,1,2022,enero,26,verano,1.22,1.68,31.6,22.5,,,,,0,0,0,0,0
2022-01-27,1,2022,enero,27,verano,1.19,1.74,31.6,22,,,,,0,0,0,0,0
2022-01-28,1,2022,enero,28,verano,1.22,1.79,31.6,22.2,,,,,0,0,0,0,0
2022-01-29,1,2022,enero,29,verano,1.22,1.79,33,21.9,,,,,0,0,0,0,0
2022-01-30,1,2022,enero,30,verano,1.22,1.79,32,22.2,,,,,0,0,0,0,0
2022-01-31,1,2022,enero,31,verano,1.25,1.74,32.9,22.2,,,662,270,0,0,0,0,0
2022-02-01,1,2022,febrero,1,verano,1.19,1.58,32.8,22.6,,,137,,0,0,0,0,0
2022-02-02,1,2022,febrero,2,verano,1.19,1.58,33.3,21,,,2,,0,0,0,0,0
2022-02-03,1,2022,febrero,3,verano,1.19,1.47,32.2,20.7,,,584,20,0,0,0,0,0
2022-02-04,1,2022,febrero,4,verano,1.25,1.58,31.6,20.5,,,518,,0,0,0,0,0
2022-02-05,1,2022,febrero,5,verano,1.25,1.58,34.7,21.5,,,,,0,0,0,0,0
2022-02-06,1,2022,febrero,6,verano,1.25,1.58,31.6,21.5,,,234,89,0,0,0,0,0
2022-02-07,1,2022,febrero,7,verano,1.28,1.63,33.1,22,,,801,38,0,0,0,0,0
2022-02-08,1,2022,febrero,8,verano,1.22,1.52,31.6,22.4,,,22,25,0,0,0,0,0
2022-02-09,1,2022,febrero,9,verano,1.22,1.52,32.1,22.7,,,6,,0,0,0,0,0
2022-02-10,1,2022,febrero,10,verano,1.17,1.41,31.8,22.9,,,862,52,0,0,0,0,0
2022-02-11,1,2022,febrero,11,verano,1.14,1.41,32.6,21.5,,,583,32,0,0,0,0,0
2022-02-12,1,2022,febrero,12,verano,1.14,1.47,32.1,22.4,,,,,0,1,0,0,0
2022-02-13,1,2022,febrero,13,verano,1.14,1.47,32.4,22.2,,,196,70,0,1,0,0,0
2022-02-14,1,2022,febrero,14,verano,1.17,1.58,33.5,22.7,,,644,381,0,1,0,0,0
2022-02-15,1,2022,febrero,15,verano,1.14,1.52,32.2,23.1,,,55,35,0,1,0,0,0
2022-02-16,1,2022,febrero,16,verano,1.14,1.52,32.3,22.5,,,2,,0,1,1,0,0
2022-02-17,1,2022,febrero,17,verano,1.14,1.47,32.4,21,,,571,105,0,1,1,0,0
2022-02-18,1,2022,febrero,18,verano,1.14,1.47,32.5,21.6,,,397,62,0,1,1,1,0
2022-02-19,1,2022,febrero,19,verano,1.17,1.58,33.2,23.2,,,,,0,1,1,0,0
2022-02-20,1,2022,febrero,20,verano,1.17,1.58,32.5,20.5,,,166,150,0,1,1,0,0
2022-02-21,1,2022,febrero,21,verano,1.19,1.63,32.5,22.5,,,733,86,0,1,1,0,0
2022-02-22,1,2022,febrero,22,verano,1.17,1.52,33,23,,,129,2,0,1,1,0,0
2022-02-23,1,2022,febrero,23,verano,1.17,1.52,34.4,23.1,,,2,,1,1,0,0,0
2022-02-24,1,2022,febrero,24,verano,1.19,1.47,32.9,22.7,,,618,45,0,1,0,0,0
2022-02-25,1,2022,febrero,25,verano,1.19,1.47,32.6,22.7,,,479,59,0,1,0,0,0
2022-02-26,1,2022,febrero,26,verano,1.22,1.52,32.3,21.6,,,,,0,1,0,0,0
2022-02-27,1,2022,febrero,27,verano,1.22,1.52,33.3,22.2,,,252,32,0,1,1,0,0
2022-02-28,1,2022,febrero,28,verano,1.25,1.58,33.1,23,,,866,151,0,1,1,0,0
2022-03-01,1,2022,marzo,1,verano,1.22,1.47,34.2,21.3,,,92,,0,1,1,0,0
2022-03-02,1,2022,marzo,2,verano,1.22,1.47,32.5,22.5,,,2,,0,1,1,1,0
2022-03-03,1,2022,marzo,3,verano,1.17,1.41,34.2,23.2,,,757,28,0,1,1,1,0
2022-03-04,1,2022,marzo,4,verano,1.22,1.52,36,23.6,,,351,232,0,1,1,1,0
2022-03-05,1,2022,marzo,5,verano,1.22,1.52,34,23,,,,,0,1,1,0,0
2022-03-06,1,2022,marzo,6,verano,1.22,1.52,34.9,21.7,,,152,23,0,1,1,0,0
2022-03-07,1,2022,marzo,7,verano,1.25,1.58,33.7,23.4,,,722,54,0,1,1,0,0
2022-03-08,1,2022,marzo,8,verano,1.19,1.47,33.8,23.6,,,61,21,0,1,0,0,0
2022-03-09,1,2022,marzo,9,verano,1.19,1.47,33.7,24,,,2,,0,1,0,0,0
2022-03-10,1,2022,marzo,10,verano,1.17,1.41,34.4,22.5,,,817,31,0,1,0,0,0
2022-03-11,1,2022,marzo,11,verano,1.22,1.47,34,21.5,,,343,31,0,1,0,0,0
2022-03-12,1,2022,marzo,12,verano,1.22,1.47,35.2,22.7,,,,,0,1,0,0,0
2022-03-13,1,2022,marzo,13,verano,1.22,1.47,34.2,23,,,169,64,0,1,1,0,0
2022-03-14,1,2022,marzo,14,verano,1.28,1.74,33.1,23.7,,,903,108,0,1,1,0,0
2022-03-15,1,2022,marzo,15,verano,1.25,1.68,34.9,21.7,,,38,27,0,1,0,0,0
2022-03-16,1,2022,marzo,16,verano,1.25,1.68,33.6,22.6,,,3,1,0,1,0,0,0
2022-03-17,1,2022,marzo,17,verano,1.25,1.74,34,22.1,,,656,76,0,1,1,0,0
2022-03-18,1,2022,marzo,18,verano,1.25,1.74,33.1,22,,,343,91,0,1,0,0,0
2022-03-19,1,2022,marzo,19,verano,1.25,1.79,32.7,21.6,,,,,0,1,0,0,0
2022-03-20,1,2022,marzo,20,verano,1.25,1.79,33.2,22.6,,,166,107,0,1,0,0,0
2022-03-21,1,2022,marzo,21,otoño,1.28,1.9,32,22,,,931,33,0,1,0,0,0
2022-03-22,1,2022,marzo,22,otoño,1.42,1.96,32.2,22.2,,,63,32,0,1,0,0,0
2022-03-23,1,2022,marzo,23,otoño,1.42,1.96,32.6,21.2,,,3,,0,1,1,1,0
2022-03-24,1,2022,marzo,24,otoño,1.47,02.01,33.7,20.6,,,734,97,0,1,1,0,0
2022-03-25,1,2022,marzo,25,otoño,1.47,1.96,32.3,22,,,421,38,0,1,1,0,0
2022-03-26,1,2022,marzo,26,otoño,1.47,1.96,32.8,22.2,,,,,0,1,1,1,0
2022-03-27,1,2022,marzo,27,otoño,1.47,1.96,32,22.9,,,191,32,0,1,1,1,0
2022-03-28,1,2022,marzo,28,otoño,1.44,1.74,31.9,22.5,,,771,258,0,0,0,0,0
2022-03-29,1,2022,marzo,29,otoño,1.42,1.68,32,22.4,,,49,,0,0,1,1,0
2022-03-30,1,2022,marzo,30,otoño,1.42,1.68,34,22.6,,,6,,0,0,0,0,0
2022-03-31,1,2022,marzo,31,otoño,2.28,2.77,32.6,22.5,,,144,,0,0,0,0,0
2022-04-01,2,2022,abril,1,otoño,2.36,2.88,33.3,22.3,,,88,83,0,1,1,0,0
2022-04-02,2,2022,abril,2,otoño,2.33,2.77,31.8,22.2,,,,,0,1,1,0,0
2022-04-03,2,2022,abril,3,otoño,2.33,2.77,33.2,22.1,,,345,52,0,0,0,0,0
2022-04-04,2,2022,abril,4,otoño,1.92,2.17,32.2,21.2,,,1191,155,0,1,1,0,0
2022-04-05,2,2022,abril,5,otoño,1.92,2.17,32.8,21.5,,,41,,0,0,0,0,0
2022-04-06,2,2022,abril,6,otoño,1.92,2.17,34.5,21.5,,,2,,0,1,1,1,0
2022-04-07,2,2022,abril,7,otoño,1.86,02.01,32.8,21.6,,,294,,0,1,1,0,0
2022-04-08,2,2022,abril,8,otoño,1.92,02.01,32.5,20.6,,,493,71,0,1,0,0,0
2022-04-09,2,2022,abril,9,otoño,1.89,02.01,31.4,21,,,,,0,0,0,0,0
2022-04-10,2,2022,abril,10,otoño,1.89,02.01,31.7,21,,,265,60,0,0,0,0,0
2022-04-11,2,2022,abril,11,otoño,1.89,1.9,31.8,21,,,1133,145,0,0,0,0,0
2022-04-12,2,2022,abril,12,otoño,1.53,1.58,31,20.7,,,162,1,0,0,0,0,0
2022-04-13,2,2022,abril,13,otoño,1.53,1.58,30.3,20,,,2,,0,0,0,0,0
2022-04-14,2,2022,abril,14,otoño,1.53,1.58,30.7,20,,,,,0,0,0,0,0
2022-04-15,2,2022,abril,15,otoño,1.53,1.58,31.1,18.7,,,,,0,0,0,0,0
2022-04-16,2,2022,abril,16,otoño,1.33,1.52,30.7,17.6,,,,,0,0,0,0,0
2022-04-17,2,2022,abril,17,otoño,1.33,1.52,31.6,17.6,,,2,53,0,0,0,0,0
2022-04-18,2,2022,abril,18,otoño,1.56,1.9,32.1,19.8,,,659,24,0,1,1,1,0
2022-04-19,2,2022,abril,19,otoño,1.53,1.85,32.2,20.3,,,43,,0,1,1,1,0
2022-04-20,2,2022,abril,20,otoño,1.53,1.85,32.6,19.5,,,4,,0,1,1,0,0
2022-04-21,2,2022,abril,21,otoño,1.56,1.9,32,20,,,668,301,0,1,1,0,0
2022-04-22,2,2022,abril,22,otoño,1.25,1.79,33,19.9,,,434,97,0,0,0,0,0
2022-04-23,2,2022,abril,23,otoño,1.19,1.68,30.2,18.9,,,,,0,0,0,0,0
2022-04-24,2,2022,abril,24,otoño,1.19,1.68,31.6,17.8,,0.3,151,32,0,0,0,0,0
2022-04-25,2,2022,abril,25,otoño,1.17,1.72,31.5,18.2,,0,588,343,0,0,0,0,0
2022-04-26,2,2022,abril,26,otoño,1.14,1.68,32,18.3,,,43,4,0,1,0,0,0
2022-04-27,2,2022,abril,27,otoño,1.14,1.68,31.1,18.6,,,2,,0,1,0,0,0
2022-04-28,2,2022,abril,28,otoño,1.14,1.74,30.2,19.5,,,540,73,0,0,0,0,0
2022-04-29,2,2022,abril,29,otoño,1.19,1.58,30.3,18.5,,,362,,0,1,0,0,0
2022-04-30,2,2022,abril,30,otoño,1.11,1.52,31.9,18.1,,,,,0,0,0,0,0
2022-05-01,2,2022,mayo,1,otoño,1.11,1.52,31.4,18.2,,,,,0,0,0,0,0
2022-05-02,2,2022,mayo,2,otoño,1.11,1.52,31.2,18.5,,,695,30,0,0,0,0,0
2022-05-03,2,2022,mayo,3,otoño,1.31,1.68,32.4,17.4,,,30,24,0,0,0,0,0
2022-05-04,2,2022,mayo,4,otoño,1.31,1.68,30.6,19.1,,,26,,0,0,0,0,0
2022-05-05,2,2022,mayo,5,otoño,1.42,2.12,32,19.1,,,603,134,0,0,0,0,0
2022-05-06,2,2022,mayo,6,otoño,1.47,2.17,30.6,17.4,,,518,,0,0,0,0,0
2022-05-07,2,2022,mayo,7,otoño,1.44,02.01,31.5,18.2,,,,,0,0,0,0,0
2022-05-08,2,2022,mayo,8,otoño,1.44,02.01,30.5,18.2,,,175,61,0,0,0,0,0
2022-05-09,2,2022,mayo,9,otoño,1.42,1.96,29.9,17.2,,,818,64,0,0,0,0,0
2022-05-10,2,2022,mayo,10,otoño,1.22,1.52,28.9,17.8,,,46,,0,1,1,0,0
2022-05-11,2,2022,mayo,11,otoño,1.22,1.52,28.9,17.7,,,2,,0,1,1,1,0
2022-05-12,2,2022,mayo,12,otoño,1.33,1.47,29.6,18,,,557,133,0,1,0,1,0
2022-05-13,2,2022,mayo,13,otoño,1.32,1.41,29.5,17.9,,,436,,0,1,1,0,0
2022-05-14,2,2022,mayo,14,otoño,1.11,1.3,29.6,18,,,,,0,1,1,1,0
2022-05-15,2,2022,mayo,15,otoño,1.11,1.3,29.9,18.1,,,136,,0,1,1,0,0
2022-05-16,2,2022,mayo,16,otoño,01.03,1.25,28.3,17.8,,,740,169,0,1,0,0,0
2022-05-17,2,2022,mayo,17,otoño,01.06,1.47,29.8,18.4,,,29,3,0,1,1,1,0
2022-05-18,2,2022,mayo,18,otoño,01.06,1.47,29.9,18.5,,,40,,0,1,1,1,0
2022-05-19,2,2022,mayo,19,otoño,01.03,1.58,31,19.1,,,697,107,1,1,0,0,0
2022-05-20,2,2022,mayo,20,otoño,1.11,1.52,30.6,17.3,,,498,22,0,0,0,0,0
2022-05-21,2,2022,mayo,21,otoño,1.14,1.58,30.6,17.2,,,,,0,0,0,0,0
2022-05-22,2,2022,mayo,22,otoño,1.14,1.58,28.4,17.4,,,194,,0,0,0,0,0
2022-05-23,2,2022,mayo,23,otoño,1.14,1.63,29.4,17.4,,,726,87,0,0,0,0,0
2022-05-24,2,2022,mayo,24,otoño,1.22,1.68,28.9,16.4,,,45,,0,0,0,0,0
2022-05-25,2,2022,mayo,25,otoño,1.22,1.68,29.2,15.8,,0,4,,0,0,0,0,0
2022-05-26,2,2022,mayo,26,otoño,1.19,1.74,28.2,17.4,,,604,23,0,1,0,0,0
2022-05-27,2,2022,mayo,27,otoño,1.11,1.52,29.5,17.2,,,388,33,0,1,0,0,0
2022-05-28,2,2022,mayo,28,otoño,01.08,1.47,29.3,16.4,,0,,,0,0,0,0,0
2022-05-29,2,2022,mayo,29,otoño,01.08,1.47,27.7,16.6,,0,166,60,0,0,0,0,0
2022-05-30,2,2022,mayo,30,otoño,01.03,1.3,28.8,16.6,,0,853,,0,0,0,0,0
2022-05-31,2,2022,mayo,31,otoño,1.11,1.41,29.6,18.1,,0,37,18,0,0,0,0,0
2022-06-01,2,2022,junio,1,otoño,1.11,1.41,29.8,17,,0,3,,0,0,0,0,0
2022-06-02,2,2022,junio,2,otoño,1.19,1.52,28.5,16.8,,0,635,51,0,0,0,0,0
2022-06-03,2,2022,junio,3,otoño,1.17,1.47,28.3,18.1,,0,493,30,0,1,1,0,0
2022-06-04,2,2022,junio,4,otoño,1.31,1.25,29.6,17.5,,0,,,0,1,1,0,0
2022-06-05,2,2022,junio,5,otoño,1.31,1.25,28.8,17,,0,206,,0,0,0,0,0
2022-06-06,2,2022,junio,6,otoño,1.36,1.3,30.4,15.9,,0,711,73,0,1,0,0,0
2022-06-07,2,2022,junio,7,otoño,1.44,1.41,26.2,16.1,74.2,0,87,2,0,0,0,0,0
2022-06-08,2,2022,junio,8,otoño,1.44,1.41,29,18.6,67.1,0,5,,0,0,0,0,0
2022-06-09,2,2022,junio,9,otoño,1.47,1.52,29.4,18.8,75.6,0,590,73,0,0,0,0,0
2022-06-10,2,2022,junio,10,otoño,1.33,1.47,27.8,18.4,76.6,0,393,87,0,0,0,0,0
2022-06-11,2,2022,junio,11,otoño,1.33,1.52,28.6,18.2,74.6,0,,,0,0,0,0,0
2022-06-12,2,2022,junio,12,otoño,1.33,1.52,26.4,17.6,78.9,0,142,38,0,0,0,0,0
2022-06-13,2,2022,junio,13,otoño,1.56,1.74,26.8,17,71.3,0,720,158,0,0,0,0,0
2022-06-14,2,2022,junio,14,otoño,1.53,1.68,28.2,15.6,69.1,0,77,2,0,0,0,0,0
2022-06-15,2,2022,junio,15,otoño,1.53,1.68,29.8,16,67.6,0,3,2,0,0,0,0,0
2022-06-16,2,2022,junio,16,otoño,1.58,1.79,28.4,15.2,71.8,0,455,80,0,0,0,0,0
2022-06-17,2,2022,junio,17,otoño,1.42,1.74,27.4,16.8,69.9,0,364,34,0,0,0,0,0
2022-06-18,2,2022,junio,18,otoño,1.47,1.9,28.4,16.6,69,0,,,0,0,0,0,0
2022-06-19,2,2022,junio,19,otoño,1.47,1.9,26.4,18,72,0,199,,0,0,0,0,0
2022-06-20,2,2022,junio,20,otoño,1.47,1.96,27.4,16.8,76.4,0,661,162,0,1,0,1,0
2022-06-21,2,2022,junio,21,invierno,1.5,1.74,27.2,16.8,71.4,0,20,18,0,0,0,0,0
2022-06-22,2,2022,junio,22,invierno,1.5,1.74,28.4,17,71.7,0,,3,0,0,0,0,0
2022-06-23,2,2022,junio,23,invierno,1.44,1.79,26.2,17.6,69,0,509,66,0,0,0,0,0
2022-06-24,2,2022,junio,24,invierno,1.83,2.45,28,16.6,,0,421,1,0,0,0,0,0
2022-06-25,2,2022,junio,25,invierno,2.17,3.21,29.2,17,68.1,0,,,0,0,0,0,0
2022-06-26,2,2022,junio,26,invierno,2.33,3.32,29,17.4,67.9,0,,,0,0,0,0,0
2022-06-27,2,2022,junio,27,invierno,2.11,3.26,28.8,16.4,75.2,0,984,65,0,1,1,0,0
2022-06-28,2,2022,junio,28,invierno,1.64,1.68,27.2,17.8,73.3,0,9,,0,0,0,0,0
2022-06-29,2,2022,junio,29,invierno,1.61,1.85,27.6,14.2,73.1,0,6,1,0,0,0,0,0
2022-06-30,2,2022,junio,30,invierno,1.56,1.9,27.8,16.8,75,0,405,41,0,0,0,0,0
2022-07-01,3,2022,julio,1,invierno,1.54,1.96,28.2,17,75.6,0,478,49,0,1,1,0,0
2022-07-02,3,2022,julio,2,invierno,1.44,02.01,25.4,17.8,78.7,0,,,0,0,0,0,0
2022-07-03,3,2022,julio,3,invierno,1.42,1.9,27.2,16,75.3,0,209,64,0,0,0,0,0
2022-07-04,3,2022,julio,4,invierno,1.44,1.96,25.4,17,78,0,684,182,0,0,0,0,0
2022-07-05,3,2022,julio,5,invierno,1.61,1.9,29.6,16.8,74.2,0,36,4,0,0,0,0,0
2022-07-06,3,2022,julio,6,invierno,1.61,1.9,25.2,17,80.8,0,3,,0,0,0,0,0
2022-07-07,3,2022,julio,7,invierno,1.64,1.96,27.4,17,75.3,0,249,73,0,0,0,0,0
2022-07-08,3,2022,julio,8,invierno,1.61,1.74,29.6,15.8,71.7,0,435,32,0,0,0,0,0
2022-07-09,3,2022,julio,9,invierno,1.67,1.68,27.6,17.6,,0,,,0,0,0,0,0
2022-07-10,3,2022,julio,10,invierno,1.67,1.68,26,16.8,79.8,0,,250,0,0,0,0,0
2022-07-11,3,2022,julio,11,invierno,1.69,1.74,27.4,16.6,83.7,0,730,121,0,0,0,0,0
2022-07-12,3,2022,julio,12,invierno,1.47,1.68,28,16.4,73.5,0,50,101,0,0,0,0,0
2022-07-13,3,2022,julio,13,invierno,1.47,1.68,29.2,17,74.2,0,35,,0,0,0,0,0
2022-07-14,3,2022,julio,14,invierno,1.42,1.74,25.4,16.6,79.1,0,416,149,0,0,0,0,0
2022-07-15,3,2022,julio,15,invierno,1.61,1.72,25.6,16.6,74.8,0,424,31,0,0,0,0,0
2022-07-16,3,2022,julio,16,invierno,1.75,1.79,27,16.2,75,0,,,0,0,0,0,0
2022-07-17,3,2022,julio,17,invierno,1.75,1.79,27.4,15.2,72.2,0,198,,0,0,0,0,0
2022-07-18,3,2022,julio,18,invierno,1.83,1.74,29.2,16.2,73.9,0,694,160,0,0,0,0,0
2022-07-19,3,2022,julio,19,invierno,2,1.96,28.2,17.6,76.4,0,56,28,0,0,0,0,0
2022-07-20,3,2022,julio,20,invierno,2,1.96,27.4,17.2,73.9,0,4,23,0,0,0,0,0
2022-07-21,3,2022,julio,21,invierno,1.89,1.9,26.6,16.6,,0,200,94,0,0,0,0,0
2022-07-22,3,2022,julio,22,invierno,1.72,1.74,28.4,17,79.6,0,376,25,0,0,0,0,0
2022-07-23,3,2022,julio,23,invierno,1.86,1.9,29.4,18,75.5,0,,,0,0,0,0,0
2022-07-24,3,2022,julio,24,invierno,1.86,1.9,29.4,16.6,74.2,0,178,,0,0,0,0,0
2022-07-25,3,2022,julio,25,invierno,1.92,1.96,28,17,74.5,0,706,97,0,0,0,0,0
2022-07-26,3,2022,julio,26,invierno,1.89,02.01,29.6,17.8,74.9,0,99,70,0,0,0,0,0
2022-07-27,3,2022,julio,27,invierno,1.89,02.01,29.2,17,72.4,0,21,,0,0,0,0,0
2022-07-28,3,2022,julio,28,invierno,1.92,02.01,28.4,16.8,72.9,0,591,83,0,0,0,0,0
2022-07-29,3,2022,julio,29,invierno,1.94,02.07,25.4,16.2,,0,439,43,0,0,0,0,0
2022-07-30,3,2022,julio,30,invierno,1.92,1.96,29,14.8,71.1,0,,,0,0,0,0,0
2022-07-31,3,2022,julio,31,invierno,1.92,1.96,28.6,16.6,69,0,96,,0,0,0,0,0
2022-08-01,3,2022,agosto,1,invierno,1.94,02.01,27.4,16,71.8,0,612,54,0,0,0,0,0
2022-08-02,3,2022,agosto,2,invierno,1.86,1.9,25.2,17,,0,128,,0,0,0,0,0
2022-08-03,3,2022,agosto,3,invierno,1.86,02.01,28.2,16.8,,0,14,33,0,0,0,0,0
2022-08-04,3,2022,agosto,4,invierno,1.92,02.01,29.2,17,69.9,0,406,183,0,0,0,0,0
2022-08-05,3,2022,agosto,5,invierno,02.08,2.17,28,16,,0,393,55,0,0,0,0,0
2022-08-06,3,2022,agosto,6,invierno,2.14,2.34,28.4,16.8,72.4,0,,,0,0,0,0,0
2022-08-07,3,2022,agosto,7,invierno,2.14,2.34,28.6,16.8,71.1,0,293,31,0,0,0,0,0
2022-08-08,3,2022,agosto,8,invierno,2.28,2.45,28.2,16.6,72.2,0,850,11,0,0,0,0,0
2022-08-09,3,2022,agosto,9,invierno,2.56,2.77,29.2,16.4,67.5,0,85,,0,0,0,0,0
2022-08-10,3,2022,agosto,10,invierno,2.56,2.77,30,15.8,69.6,0,3,,0,0,0,0,0
2022-08-11,3,2022,agosto,11,invierno,2.61,2.88,31.2,16.8,70.3,0,538,52,0,0,0,0,0
2022-08-12,3,2022,agosto,12,invierno,2.33,2.45,28.6,16.8,72,0,408,,0,0,0,0,0
2022-08-13,3,2022,agosto,13,invierno,2.28,2.34,28.8,17.4,,0,,,0,0,0,0,0
2022-08-14,3,2022,agosto,14,invierno,2.28,2.34,29.4,16,71.9,0,167,32,0,0,0,0,0
2022-08-15,3,2022,agosto,15,invierno,2.33,2.45,26.2,16.2,76.6,0,496,214,0,0,0,0,0
2022-08-16,3,2022,agosto,16,invierno,2.72,2.77,28,16.8,73.3,0,61,,0,0,0,0,0
2022-08-17,3,2022,agosto,17,invierno,2.72,2.77,26.2,16,,0,4,,0,0,0,0,0
2022-08-18,3,2022,agosto,18,invierno,2.78,2.83,27.4,16,72.1,0,435,19,0,0,0,0,0
2022-08-19,3,2022,agosto,19,invierno,2.72,2.77,29,15.8,69.7,0,430,,0,0,0,0,0
2022-08-20,3,2022,agosto,20,invierno,2.83,2.93,30.2,17,74.7,0,,,1,0,0,0,0
2022-08-21,3,2022,agosto,21,invierno,2.83,2.93,28.8,16.8,73.7,0,125,83,1,0,0,0,0
2022-08-22,3,2022,agosto,22,invierno,2.78,2.88,29.2,16.8,72.3,0,534,138,1,0,0,0,0
2022-08-23,3,2022,agosto,23,invierno,03.06,3.21,29,16.4,75.6,0,116,32,1,0,0,0,0
2022-08-24,3,2022,agosto,24,invierno,03.06,3.21,27,16.8,75.5,0,24,,1,0,0,0,0
2022-08-25,3,2022,agosto,25,invierno,3.22,3.26,27,17,73.8,0,603,110,1,0,0,0,0
2022-08-26,3,2022,agosto,26,invierno,3.17,3.21,28.8,,,0,476,33,0,0,0,0,0
2022-08-27,3,2022,agosto,27,invierno,3.22,3.32,27.6,16.8,74.2,0,,,0,0,0,0,0
2022-08-28,3,2022,agosto,28,invierno,3.22,3.32,28.2,17,68.6,0,186,37,1,0,0,0,0
2022-08-29,3,2022,agosto,29,invierno,3.28,3.37,27.6,16.2,72.8,0,546,247,1,0,0,0,0
2022-08-30,3,2022,agosto,30,invierno,3.28,3.37,26.4,16.8,73.1,0,72,,0,0,0,0,0
2022-08-31,3,2022,agosto,31,invierno,3.28,3.37,26.2,16,75.3,0,3,,0,0,0,0,0
2022-09-01,3,2022,septiembre,1,invierno,3.22,3.26,28,16.6,74,0,592,25,0,0,0,0,0
2022-09-02,3,2022,septiembre,2,invierno,3.17,3.21,27.4,15.8,74.3,0,423,32,0,0,0,0,0
2022-09-03,3,2022,septiembre,3,invierno,3.19,3.32,29.4,16.4,70.3,0,,,0,0,0,0,0
2022-09-04,3,2022,septiembre,4,invierno,3.19,3.32,28.8,16.8,71.4,0,255,16,0,0,0,0,0
2022-09-05,3,2022,septiembre,5,invierno,3.25,3.37,30,17.2,71.2,0,755,20,0,0,0,0,0
2022-09-06,3,2022,septiembre,6,invierno,3.17,3.26,30.4,16.8,76.5,0,27,4,0,0,0,0,0
2022-09-07,3,2022,septiembre,7,invierno,3.17,3.26,29.2,17,76.9,0,16,,0,0,0,0,0
2022-09-08,3,2022,septiembre,8,invierno,3.19,3.32,27.4,17.6,72.4,0,444,59,0,0,0,0,0
2022-09-09,3,2022,septiembre,9,invierno,3.17,3.26,28.4,16.8,70.6,0,399,,0,0,0,0,0
2022-09-10,3,2022,septiembre,10,invierno,3.22,3.37,28.6,17.6,72.4,0,,,0,0,0,0,0
2022-09-11,3,2022,septiembre,11,invierno,3.22,3.37,28.2,16.6,71.9,0,194,,0,0,0,0,0
2022-09-12,3,2022,septiembre,12,invierno,3.28,3.32,28,16.8,73.4,0,549,275,0,0,0,0,0
2022-09-13,3,2022,septiembre,13,invierno,3.44,3.64,29,16.6,71.2,0,71,,0,0,0,0,0
2022-09-14,3,2022,septiembre,14,invierno,3.44,3.64,29.4,17,69.3,0,3,,0,0,0,0,0
2022-09-15,3,2022,septiembre,15,invierno,3.44,3.59,30,16.6,70.3,0,435,164,0,0,0,0,0
2022-09-16,3,2022,septiembre,16,invierno,3.5,3.64,30.4,17.6,70.5,0,164,61,0,0,0,0,0
2022-09-17,3,2022,septiembre,17,invierno,3.67,04.02,29,17.8,72.4,0,,,0,0,0,0,0
2022-09-18,3,2022,septiembre,18,invierno,3.67,04.02,29.2,17.8,74.1,0,170,35,0,0,0,0,0
2022-09-19,3,2022,septiembre,19,invierno,3.89,4.46,29.8,16.6,74.3,0,670,217,0,0,0,0,0
2022-09-20,3,2022,septiembre,20,invierno,4.11,4.57,29,16.8,72.1,0,63,,0,0,0,0,0
2022-09-21,3,2022,septiembre,21,primavera,4.11,4.57,29.2,17.4,68.9,0,2,,0,0,0,0,0
2022-09-22,3,2022,septiembre,22,primavera,4.11,4.46,28.4,16.2,68.6,0,518,125,0,0,0,0,0
2022-09-23,3,2022,septiembre,23,primavera,04.08,4.13,28,15.8,70.8,0,317,46,0,0,0,0,0
2022-09-24,3,2022,septiembre,24,primavera,4.11,4.18,29.8,16,69.8,0,,,0,0,0,0,0
2022-09-25,3,2022,septiembre,25,primavera,4.11,4.18,26.2,16.4,72.7,0,159,56,0,0,0,0,0
2022-09-26,3,2022,septiembre,26,primavera,4.17,4.24,28.4,14.6,71.1,0,617,173,0,0,0,0,0
2022-09-27,3,2022,septiembre,27,primavera,4.11,4.13,30.4,14.8,67.1,0,106,,0,0,0,0,0
2022-09-28,3,2022,septiembre,28,primavera,4.11,4.13,30,15.4,69.4,0,4,,0,0,0,0,0
2022-09-29,3,2022,septiembre,29,primavera,04.06,04.08,30.2,16,68,0,558,25,0,0,0,0,0
2022-09-30,3,2022,septiembre,30,primavera,3.89,04.08,29,15.8,71.6,0,414,32,0,0,0,0,0
2022-10-01,4,2022,octubre,1,primavera,3.72,3.8,29.2,16,72,0,,,0,0,0,0,0
2022-10-02,4,2022,octubre,2,primavera,3.72,3.8,28.4,16.2,71.3,0,165,29,0,0,0,0,0
2022-10-03,4,2022,octubre,3,primavera,3.83,04.02,28.4,15.8,70.9,0,693,68,0,0,0,0,0
2022-10-04,4,2022,octubre,4,primavera,04.06,4.13,28.2,16,68.9,0,29,14,0,0,0,0,0
2022-10-05,4,2022,octubre,5,primavera,04.06,4.13,29.4,15.8,69.7,0,2,,0,0,0,0,0
2022-10-06,4,2022,octubre,6,primavera,04.06,4.18,29.4,15.4,70.2,0,476,31,0,0,0,0,0
2022-10-07,4,2022,octubre,7,primavera,4.11,4.24,29.2,15.6,70.1,0,,,0,0,0,0,0
2022-10-08,4,2022,octubre,8,primavera,04.06,4.13,30.2,16.8,68.3,0,,,0,0,0,0,0
2022-10-09,4,2022,octubre,9,primavera,04.06,4.13,30,16.6,70.5,0,149,95,0,0,0,0,0
2022-10-10,4,2022,octubre,10,primavera,4.11,4.24,28.6,16,71.6,0,700,103,0,0,0,0,0
2022-10-11,4,2022,octubre,11,primavera,04.08,4.18,30.8,15.8,71.4,0,95,,0,0,0,0,0
2022-10-12,4,2022,octubre,12,primavera,04.08,4.18,28.2,16,73.6,0,10,2,0,0,0,0,0
2022-10-13,4,2022,octubre,13,primavera,04.06,04.08,29.2,16.8,67.1,0,597,38,0,0,0,0,0
2022-10-14,4,2022,octubre,14,primavera,04.03,04.08,29.8,15.6,68.5,0,418,25,0,0,0,0,0
2022-10-15,4,2022,octubre,15,primavera,4.33,4.46,27.6,16.8,68.1,0,,,0,0,0,0,0
2022-10-16,4,2022,octubre,16,primavera,4.33,4.46,29.2,16.8,70.5,0,153,60,0,0,0,0,0
2022-10-17,4,2022,octubre,17,primavera,4.5,5,29.2,16.6,68.9,0,592,163,0,0,0,0,0
2022-10-18,4,2022,octubre,18,primavera,4.5,4.89,29,16.8,67.5,0,38,13,0,0,0,0,0
2022-10-19,4,2022,octubre,19,primavera,4.5,4.89,28.2,17.2,72,0,2,1,0,0,0,0,0
2022-10-20,4,2022,octubre,20,primavera,4.5,5,29.2,16.2,73.3,0,521,,0,0,0,0,0
2022-10-21,4,2022,octubre,21,primavera,4.56,4.95,29,16.8,68.8,0,356,65,0,0,0,0,0
2022-10-22,4,2022,octubre,22,primavera,4.83,05.05,29.8,15.8,70.2,0,,,0,0,0,0,0
2022-10-23,4,2022,octubre,23,primavera,4.83,05.05,30,16.8,70.8,0,166,,0,0,0,0,0
2022-10-24,4,2022,octubre,24,primavera,4.83,5.11,27.4,17,72.9,0,752,136,0,0,0,0,0
2022-10-25,4,2022,octubre,25,primavera,4.33,4.57,29.2,17.2,68.7,0,43,,0,0,0,0,0
2022-10-26,4,2022,octubre,26,primavera,4.33,4.57,30,17,69.7,0,2,,0,0,0,0,0
2022-10-27,4,2022,octubre,27,primavera,4.39,4.67,27.2,17.6,71.5,0,592,26,0,0,0,0,0
2022-10-28,4,2022,octubre,28,primavera,4.11,4.57,29.2,16.6,71.5,0,369,31,0,0,0,0,0
2022-10-29,4,2022,octubre,29,primavera,3.72,4.13,29.8,17.6,69.1,0,,,0,0,0,0,0
2022-10-30,4,2022,octubre,30,primavera,3.72,4.13,29.2,15.4,77.3,0,104,65,0,0,0,0,0
2022-10-31,4,2022,octubre,31,primavera,3.72,4.18,28.2,17.6,71.7,0,782,147,0,0,0,0,0
2022-11-01,4,2022,noviembre,1,primavera,3.89,04.08,28.4,15.6,73.9,0,22,,0,0,0,0,0
2022-11-02,4,2022,noviembre,2,primavera,3.89,04.08,26.4,17,73.6,0,,1,0,0,0,0,0
2022-11-03,4,2022,noviembre,3,primavera,3.94,4.24,28.2,16.8,72.5,0,565,97,0,0,0,0,0
2022-11-04,4,2022,noviembre,4,primavera,3.89,04.08,29.4,17.6,70.3,0,155,2,0,0,0,0,0
2022-11-05,4,2022,noviembre,5,primavera,3.83,4.18,30.8,16.6,71.6,0,,,0,0,0,0,0
2022-11-06,4,2022,noviembre,6,primavera,3.83,4.18,29.2,17.6,73.8,0,201,,0,0,0,0,0
2022-11-07,4,2022,noviembre,7,primavera,3.94,4.24,29.2,16.2,75.7,0,884,60,0,0,0,0,0
2022-11-08,4,2022,noviembre,8,primavera,3.86,4.18,29,18.4,73.9,0,43,3,0,0,0,0,0
2022-11-09,4,2022,noviembre,9,primavera,3.86,4.18,31.2,18,71.3,0,4,,0,0,0,0,0
2022-11-10,4,2022,noviembre,10,primavera,3.83,04.08,30.4,18.4,68.6,0,736,118,0,0,0,0,0
2022-11-11,4,2022,noviembre,11,primavera,04.06,4.24,28.6,18.2,74.2,0,259,166,0,0,0,0,0
2022-11-12,4,2022,noviembre,12,primavera,4.17,4.24,26.4,18.6,73.2,0,,,0,0,0,0,0
2022-11-13,4,2022,noviembre,13,primavera,4.17,4.24,29.4,15.8,69.6,0,159,80,0,0,0,0,0
2022-11-14,4,2022,noviembre,14,primavera,4.11,4.13,28,17.2,73.6,0,1036,66,0,0,0,0,0
2022-11-15,4,2022,noviembre,15,primavera,04.06,04.08,29.4,16.2,69.6,0,61,,0,0,0,0,0
2022-11-16,4,2022,noviembre,16,primavera,04.06,04.08,31.2,18.6,70.8,0,3,,0,0,0,0,0
2022-11-17,4,2022,noviembre,17,primavera,04.08,4.13,32.4,18.8,70.2,0,651,32,0,0,0,0,0
2022-11-18,4,2022,noviembre,18,primavera,2.78,2.83,32.2,18.8,65.5,0,330,80,0,0,0,0,0
2022-11-19,4,2022,noviembre,19,primavera,2.83,2.88,30.2,17.8,74,0,,,0,0,0,0,0
2022-11-20,4,2022,noviembre,20,primavera,2.83,2.88,31.2,18.8,64.7,0,144,32,0,0,0,0,0
2022-11-21,4,2022,noviembre,21,primavera,2.83,2.88,31.4,18.4,66.6,0,793,93,0,0,0,0,0
2022-11-22,4,2022,noviembre,22,primavera,3.22,3.26,32.6,18.6,70.7,0,1,24,0,0,0,0,0
2022-11-23,4,2022,noviembre,23,primavera,3.22,3.26,32.4,18,71.8,0,1,,0,0,0,0,0
2022-11-24,4,2022,noviembre,24,primavera,3.17,3.59,33.2,18,66.3,0,313,12,0,0,0,0,0
2022-11-25,4,2022,noviembre,25,primavera,3.22,3.64,31.4,19.8,68.5,0,319,52,0,0,0,0,0
2022-11-26,4,2022,noviembre,26,primavera,3.39,3.75,30.4,20.6,70.9,0,,,0,0,0,0,0
2022-11-27,4,2022,noviembre,27,primavera,3.39,3.75,31.4,20,71,0,144,62,0,0,0,0,0
2022-11-28,4,2022,noviembre,28,primavera,3.44,3.75,29.4,20,72,0,1039,52,0,0,0,0,0
2022-11-29,4,2022,noviembre,29,primavera,3.39,3.64,30.4,20.8,66.3,0,134,37,0,0,0,0,0
2022-11-30,4,2022,noviembre,30,primavera,3.39,3.64,32.2,17.8,73.5,0,4,,0,0,0,0,0
2022-12-01,4,2022,diciembre,1,primavera,3.44,3.59,31.4,20,72.9,0,739,31,0,0,0,0,0
2022-12-02,4,2022,diciembre,2,primavera,2.56,2.93,34.6,18.8,67.2,0,483,65,0,0,0,0,0
2022-12-03,4,2022,diciembre,3,primavera,2.33,2.83,31.2,20.6,73.3,0,,,0,0,0,0,0
2022-12-04,4,2022,diciembre,4,primavera,2.33,2.83,31.8,19,68.9,0,216,33,0,0,0,0,0
2022-12-05,4,2022,diciembre,5,primavera,2.11,2.77,32.6,16.8,68.3,0,976,93,0,0,0,0,0
2022-12-06,4,2022,diciembre,6,primavera,02.08,2.45,32,16.6,66.7,0,48,,0,0,0,0,0
2022-12-07,4,2022,diciembre,7,primavera,02.08,2.45,31.2,19,71.3,0,32,,0,0,0,0,0
2022-12-08,4,2022,diciembre,8,primavera,1.94,2.34,31.6,18.8,66.5,0,694,47,0,0,0,0,0
2022-12-09,4,2022,diciembre,9,primavera,1.92,2.28,31.4,19.8,66,0,284,67,0,0,0,0,0
2022-12-10,4,2022,diciembre,10,primavera,1.94,2.28,32.4,20.2,65.2,0,,,0,0,0,0,0
2022-12-11,4,2022,diciembre,11,primavera,1.94,2.28,32.8,20.8,65.9,0,163,,0,0,0,0,0
2022-12-12,4,2022,diciembre,12,primavera,1.94,2.39,33.8,20.6,68.9,0,1091,,0,0,0,0,0
2022-12-13,4,2022,diciembre,13,primavera,1.89,2.34,32.4,21.2,73.7,0,1,,0,0,0,0,0
2022-12-14,4,2022,diciembre,14,primavera,1.89,2.34,32.2,20.8,71,0,2,,0,0,0,0,0
2022-12-15,4,2022,diciembre,15,primavera,1.86,2.28,32.2,21.8,68.8,0,280,1,0,0,0,0,0
2022-12-16,4,2022,diciembre,16,primavera,1.69,02.07,32.4,22.6,62.9,0,313,97,0,0,0,0,0
2022-12-17,4,2022,diciembre,17,primavera,1.67,1.96,32.8,21.2,67,0,,,0,0,0,0,0
2022-12-18,4,2022,diciembre,18,primavera,1.67,1.96,34.2,22.2,67.3,0,202,17,0,0,0,0,0
2022-12-19,4,2022,diciembre,19,primavera,1.69,02.01,33.6,22.2,68.1,0,1177,57,0,0,0,0,0
2022-12-20,4,2022,diciembre,20,primavera,1.72,02.07,34,21.4,64,0,27,,0,0,0,0,0
2022-12-21,4,2022,diciembre,21,verano,1.72,02.07,33.6,21.8,66.5,0,33,41,0,0,0,0,0
2022-12-22,4,2022,diciembre,22,verano,1.89,1.96,33.2,21.6,69.2,0,983,16,0,0,0,0,0
2022-12-23,4,2022,diciembre,23,verano,1.92,02.01,34,21.8,66.7,0,389,34,0,0,0,0,0
2022-12-24,4,2022,diciembre,24,verano,2.11,2.39,34.4,22.8,64.5,0.4,,,0,0,0,0,0
2022-12-25,4,2022,diciembre,25,verano,2.11,2.39,32.2,21.8,67.7,0.6,79,30,0,0,0,0,0
2022-12-26,4,2022,diciembre,26,verano,2.14,2.45,31.4,21.2,75.9,0,984,,0,0,0,0,0
2022-12-27,4,2022,diciembre,27,verano,2.17,2.5,33.2,22.8,64.9,0,100,6,0,0,0,0,0
2022-12-28,4,2022,diciembre,28,verano,2.17,2.5,33,20.8,64.6,0,4,,0,0,0,0,0
2022-12-29,4,2022,diciembre,29,verano,2.11,2.39,32.4,21.8,68.6,0,706,179,0,1,0,0,0
2022-12-30,4,2022,diciembre,30,verano,02.08,2.34,33.4,22,66.6,0,506,95,0,1,0,0,0
2022-12-31,4,2022,diciembre,31,verano,02.08,2.34,30.4,22.8,64.6,0,,,0,1,0,0,0
2023-01-01,1,2023,enero,1,verano,"2,08","2,34",33,"21,8","59,8",0,24,1,0,1,0,0,0
2023-01-02,1,2023,enero,2,verano,"2,08","2,34","33,6",22,"63,7",0,511,128,0,0,0,0,0
2023-01-03,1,2023,enero,3,verano,"2,03","2,23","33,4","20,8","62,1",0,56,23,0,1,0,0,0
2023-01-04,1,2023,enero,4,verano,"2,03","2,23","34,8","21,8","61,5",0,89,34,0,1,0,0,0
2023-01-05,1,2023,enero,5,verano,"2,00","2,17","34,2","19,6","66,1",0,366,369,0,1,0,0,0
2023-01-06,1,2023,enero,6,verano,"2,00","2,17","31,8","19,8","66,2",0,362,76,0,1,1,0,0
2023-01-07,1,2023,enero,7,verano,"2,00","2,23","31,4","19,2","68,8",0,,,0,0,1,0,0
2023-01-08,1,2023,enero,8,verano,"2,00","2,23",33,"18,2","64,1",0,,,0,0,1,0,0
2023-01-09,1,2023,enero,9,verano,"1,94","2,12","32,6","21,6","64,5",0,1131,252,0,1,1,0,0
2023-01-10,1,2023,enero,10,verano,"1,89","2,01","34,2","20,6","60,6",0,75,,0,1,1,0,0
2023-01-11,1,2023,enero,11,verano,"1,89","2,01",34,"21,8","61,2",0,3,,0,1,1,0,0
2023-01-12,1,2023,enero,12,verano,"1,92","2,07","34,2","21,8","59,7",0,610,64,0,1,1,0,0
2023-01-13,1,2023,enero,13,verano,"1,92","2,07","34,4","21,4","60,4",0,340,86,0,1,0,0,0
2023-01-14,1,2023,enero,14,verano,"1,89","2,01","34,2","21,8",58,0,,,0,1,0,0,0
2023-01-15,1,2023,enero,15,verano,"1,89","2,01",32,"21,6",62,0,124,,0,0,0,0,0
2023-01-16,1,2023,enero,16,verano,"1,86","1,96",35,"22,8","58,4",0,716,147,0,1,0,0,0
2023-01-17,1,2023,enero,17,verano,"1,86","1,96","34,8","20,2","61,5",0,5,,0,1,1,0,0
2023-01-18,1,2023,enero,18,verano,"1,86","1,96","34,2",20,"60,8",0,31,,0,1,1,0,0
2023-01-19,1,2023,enero,19,verano,"3,44","3,59",34,"19,8","65,3",0,327,,0,1,1,1,0
2023-01-20,1,2023,enero,20,verano,"5,28","5,43","34,4","22,6",61,0,19,25,0,1,1,1,0
2023-01-21,1,2023,enero,21,verano,"3,67","3,70","35,2","23,2","60,6",0,,,0,1,1,1,0
2023-01-22,1,2023,enero,22,verano,"3,67","3,70","34,4",23,"62,8",0,,,0,1,1,1,0
2023-01-23,1,2023,enero,23,verano,"3,39","3,80","35,6","22,2","61,6",0,800,93,0,1,1,1,0
2023-01-24,1,2023,enero,24,verano,"2,56","2,88","35,2","22,8","61,9",0,179,59,0,0,1,1,0
2023-01-25,1,2023,enero,25,verano,"2,50","2,77","35,4",23,"60,3",0,2,,0,1,0,0,0
2023-01-26,1,2023,enero,26,verano,"2,17","2,34","35,8","22,6","65,1",0,,,0,1,1,0,0
2023-01-27,1,2023,enero,27,verano,"2,08","2,28","36,2","23,2","68,3",0,551,70,0,0,1,1,0
2023-01-28,1,2023,enero,28,verano,"2,08","2,28","35,4",24,"60,9",0,,,0,1,1,1,0
2023-01-29,1,2023,enero,29,verano,"2,08","2,28","36,2","24,2","57,7",0,,,0,1,0,0,0
2023-01-30,1,2023,enero,30,verano,"1,92","2,17",37,24,"63,6",0,869,146,0,1,0,1,0
2023-01-31,1,2023,enero,31,verano,"1,86","2,01","36,2",24,"62,9",0,70,1,0,1,1,1,0
2023-02-01,1,2023,febrero,1,verano,"1,86","2,01","36,6","23,8","62,9",0,2,,0,1,1,0,0
2023-02-02,1,2023,febrero,2,verano,"2,06","2,17","36,2","24,6","65,1",0,819,82,0,1,1,1,0
2023-02-03,1,2023,febrero,3,verano,"2,11","2,23","35,2",24,"64,7",0,432,4,0,1,0,0,0
2023-02-04,1,2023,febrero,4,verano,"2,08","2,17","36,4","22,8","64,8",0,,,0,1,0,1,0
2023-02-05,1,2023,febrero,5,verano,"2,08","2,17","36,2","24,6","62,1",0,,,0,1,0,0,0
2023-02-06,1,2023,febrero,6,verano,"2,14","2,34","36,4","24,8","64,2",0,938,32,0,1,1,0,0
2023-02-07,1,2023,febrero,7,verano,"1,92","2,01","36,6","24,6","62,7",0,36,,0,1,1,0,0
2023-02-08,1,2023,febrero,8,verano,"1,92","2,01","35,6",24,"63,1",0,3,,0,1,1,0,0
2023-02-09,1,2023,febrero,9,verano,"1,89","1,96","36,4","24,4","65,9",0,612,121,0,1,0,0,0
2023-02-10,1,2023,febrero,10,verano,"1,86","1,90","36,2",25,"64,5",0,89,271,0,1,0,0,0
2023-02-11,1,2023,febrero,11,verano,"1,83","1,85","34,6","24,8","63,8","0,2",,,0,1,1,1,0
2023-02-12,1,2023,febrero,12,verano,"1,83","1,85","35,6",24,"66,6",0,,,0,0,1,1,0
2023-02-13,1,2023,febrero,13,verano,"1,89","1,96",34,"25,8","66,9",0,1093,3,0,1,1,1,0
2023-02-14,1,2023,febrero,14,verano,"1,86","1,90","33,8","25,8","69,8",0,43,2,0,0,1,0,0
2023-02-15,1,2023,febrero,15,verano,"1,86","1,90","34,4","26,2","73,9",0,2,4,0,1,0,0,0
2023-02-16,1,2023,febrero,16,verano,"1,89","1,96","35,2","23,8","67,7",0,799,121,0,1,0,0,0
2023-02-17,1,2023,febrero,17,verano,"1,83","1,90","38,4","24,8","66,2",0,445,83,0,1,1,0,0
2023-02-18,1,2023,febrero,18,verano,"1,83","1,85","37,2","23,8","66,4",0,,,0,1,1,0,0
2023-02-19,1,2023,febrero,19,verano,"1,83","1,85","36,6","24,8","67,1",0,167,54,0,1,1,0,0
2023-02-20,1,2023,febrero,20,verano,"1,89","1,96",36,"24,6","71,5",0,925,1,0,1,1,0,0
2023-02-21,1,2023,febrero,21,verano,"1,86","1,90","35,4","24,8","68,3",0,71,35,0,1,1,0,0
2023-02-22,1,2023,febrero,22,verano,"1,86","1,90","36,6",24,"72,2",24,3,,0,1,1,1,0
2023-02-23,1,2023,febrero,23,verano,"1,89","1,96","34,4","22,8","71,9",0,500,24,0,1,1,0,0
2023-02-24,1,2023,febrero,24,verano,"1,83","1,90","35,4","23,8","65,7",0,350,1,0,1,1,0,0
2023-02-25,1,2023,febrero,25,verano,"2,06","2,17","34,4",24,"67,2",0,,,0,1,1,1,0
2023-02-26,1,2023,febrero,26,verano,"2,06","2,17","34,2","24,8","65,1",0,184,31,0,1,0,1,0
2023-02-27,1,2023,febrero,27,verano,"2,28","2,34","36,4","23,8","63,6",0,903,38,0,1,0,1,0
2023-02-28,1,2023,febrero,28,verano,"2,33","2,39","36,4","24,8",65,0,132,,0,1,0,1,0
2023-03-01,1,2023,marzo,1,verano,"2,33","2,39","36,4","24,6","69,7",0,6,,0,1,0,0,0
2023-03-02,1,2023,marzo,2,verano,"2,39","2,45","35,4",25,"60,7",0,1059,101,0,1,1,0,0
2023-03-03,1,2023,marzo,3,verano,"2,33","2,39","36,2","24,8","59,8",0,514,48,0,1,1,0,0
2023-03-04,1,2023,marzo,4,verano,"2,28","2,34","35,4","24,2","63,6",0,,,0,1,1,1,0
2023-03-05,1,2023,marzo,5,verano,"2,28","2,34","35,2","25,4","62,6",0,164,58,0,1,1,0,0
2023-03-06,1,2023,marzo,6,verano,"2,39","2,45",35,"25,2","69,6","23,8",880,56,0,1,0,0,0
2023-03-07,1,2023,marzo,7,verano,"2,28","2,34","32,2","23,4","79,2","5,8",53,,0,1,0,0,0
2023-03-08,1,2023,marzo,8,verano,"2,28","2,34","32,8",23,"78,7",7,5,,0,1,0,0,0
2023-03-09,1,2023,marzo,9,verano,"2,33","2,45",32,25,"75,4",4,475,2,0,1,1,0,0
2023-03-10,1,2023,marzo,10,verano,"2,28","2,39","30,8","23,8","85,3","44,6",388,40,0,1,1,1,0
2023-03-11,1,2023,marzo,11,verano,"2,28","2,34","34,2",24,"73,5",0,,,0,1,1,1,0
2023-03-12,1,2023,marzo,12,verano,"2,28","2,34","32,8","25,6","76,2",0,,,0,1,1,1,0
2023-03-13,1,2023,marzo,13,verano,"6,67","7,83","33,2","25,6","76,2",0,60,,0,1,1,0,0
2023-03-14,1,2023,marzo,14,verano,"7,78","8,70","34,2","24,8","73,1",0,331,1,0,1,1,0,0
2023-03-15,1,2023,marzo,15,verano,"6,17","5,98",32,"25,4","80,1",61,816,38,0,1,1,1,0
2023-03-16,1,2023,marzo,16,verano,"4,33","4,13","33,6","23,8","71,7",0,529,,0,1,1,1,0
2023-03-17,1,2023,marzo,17,verano,"3,67","3,70","34,2",24,71,0,665,50,0,1,1,1,0
2023-03-18,1,2023,marzo,18,verano,"3,28","3,37","34,4",24,"70,2",0,,,0,1,1,0,0
2023-03-19,1,2023,marzo,19,verano,"3,28","3,37",34,"25,2",75,0,423,,0,1,0,0,0
2023-03-20,1,2023,marzo,20,verano,"2,78","2,83","34,2",25,73,0,1093,138,0,1,1,1,0
2023-03-21,1,2023,marzo,21,otoño,"2,83","2,88",35,"24,8","72,4",0,85,17,0,1,1,0,0
2023-03-22,1,2023,marzo,22,otoño,"2,83","2,88",35,"25,8","70,6","7,8",8,33,0,1,1,0,0
2023-03-23,1,2023,marzo,23,otoño,"2,78","2,83","31,8","24,8",,"20,2",730,73,0,1,1,0,0
2023-03-24,1,2023,marzo,24,otoño,"2,33","2,39","31,8",,"85,5","94,5",548,64,0,1,1,0,0
2023-03-25,1,2023,marzo,25,otoño,"2,28","2,34","32,8","23,8","74,4",0,,,0,1,1,0,0
2023-03-26,1,2023,marzo,26,otoño,"2,28","2,34","33,2","24,2","69,5",0,99,19,0,1,1,0,0
2023-03-27,1,2023,marzo,27,otoño,"2,39","2,45","32,2","24,2","73,8",0,752,78,0,1,1,0,0
2023-03-28,1,2023,marzo,28,otoño,"2,11","2,28","32,8","24,4","72,1",8,87,2,0,1,1,1,0
2023-03-29,1,2023,marzo,29,otoño,"2,11","2,28","33,6","23,6","80,1",1,1,3,0,1,1,1,0
2023-03-30,1,2023,marzo,30,otoño,"1,89","2,01","33,4","24,2","83,6","13,3",705,205,0,1,1,1,0
2023-03-31,1,2023,marzo,31,otoño,"1,86","1,96","33,4","22,4","82,9",20,516,,0,1,1,0,0
2023-04-01,2,2023,abril,1,otoño,"1,83","1,90",33,"23,6",,0,,,0,1,1,0,0
2023-04-02,2,2023,abril,2,otoño,"1,83","1,90","33,6","24,8","84,9","93,2",214,35,0,1,1,0,0
2023-04-03,2,2023,abril,3,otoño,"1,72","2,01",32,25,"86,4","20,5",735,262,0,1,1,0,0
2023-04-04,2,2023,abril,4,otoño,"1,69","1,96","32,2","24,6","87,1",1,168,53,0,1,1,1,0
2023-04-05,2,2023,abril,5,otoño,"1,69","1,96",32,"24,8","85,3",75,7,,0,1,1,1,0
2023-04-06,2,2023,abril,6,otoño,"1,72","2,01","30,6","24,4","91,6","1,5",,,0,1,1,0,0
2023-04-07,2,2023,abril,7,otoño,"2,33","2,83","31,8",24,"83,3",0,,,0,1,1,0,0
2023-04-08,2,2023,abril,8,otoño,"2,28","2,39","33,4","24,2","81,9","15,8",,,0,1,1,1,0
2023-04-09,2,2023,abril,9,otoño,"2,28","2,39","32,6","24,6","83,5","0,4",26,57,0,1,1,0,0
2023-04-10,2,2023,abril,10,otoño,"2,33","2,50",32,"24,8","84,3","21,5",922,33,0,1,0,1,0
2023-04-11,2,2023,abril,11,otoño,"2,56","2,72","30,4","24,6","88,1",5,101,4,0,1,1,0,0
2023-04-12,2,2023,abril,12,otoño,"2,56","2,72",32,"23,8","85,7","0,1",15,1,0,1,1,0,0
2023-04-13,2,2023,abril,13,otoño,"2,61","2,77","32,8",24,81,11,1206,,0,1,1,0,0
2023-04-14,2,2023,abril,14,otoño,"1,94","2,07","33,2","23,8","78,6",0,527,30,0,1,1,0,0
2023-04-15,2,2023,abril,15,otoño,"1,92","2,01",32,,,0,,,0,1,0,0,0
2023-04-16,2,2023,abril,16,otoño,"1,92","2,01","31,4","24,8",87,"13,3",200,53,0,1,1,0,0
2023-04-17,2,2023,abril,17,otoño,"1,89","1,96","32,2",24,"82,1",0,947,128,0,1,1,1,0
2023-04-18,2,2023,abril,18,otoño,"1,86","1,90",33,"24,8","74,4",0,124,13,0,1,0,0,0
2023-04-19,2,2023,abril,19,otoño,"1,86","1,90",33,"24,6","72,2","0,3",28,,0,1,0,1,0
2023-04-20,2,2023,abril,20,otoño,"1,92","2,01","32,4",24,"70,6","0,2",303,19,0,0,0,0,0
2023-04-21,2,2023,abril,21,otoño,"1,89","1,96","33,4","24,6","81,8","1,8",377,29,0,0,0,0,0
2023-04-22,2,2023,abril,22,otoño,"1,86","1,90","33,6","24,8","81,4","26,6",,,0,0,0,0,0
2023-04-23,2,2023,abril,23,otoño,"1,86","1,90","32,2","24,6","82,9","11,6",191,11,0,0,0,0,0
2023-04-24,2,2023,abril,24,otoño,"1,89","1,96","32,4","23,8","79,9",0,1137,10,0,0,0,0,0
2023-04-25,2,2023,abril,25,otoño,"1,86","1,90","32,2","24,6","78,3","11,5",134,42,0,0,0,0,0
2023-04-26,2,2023,abril,26,otoño,"1,86","1,90","32,4","23,2","79,8","7,2",20,3,0,1,1,0,0
2023-04-27,2,2023,abril,27,otoño,"1,83","1,85","32,6","23,4","80,6","0,4",928,,0,1,1,0,0
2023-04-28,2,2023,abril,28,otoño,"1,89","1,96","32,6","22,8","78,7",0,,,0,0,1,0,0
2023-04-29,2,2023,abril,29,otoño,"1,92","2,01","31,4","23,8",78,"4,4",,,0,1,1,0,0
2023-04-30,2,2023,abril,30,otoño,"1,92","2,01","33,2","23,8","79,3","1,4",,,0,0,0,0,0
2023-05-01,2,2023,mayo,1,otoño,"1,86","1,96","32,6",24,"79,8",0,813,187,0,0,0,0,0
2023-05-02,2,2023,mayo,2,otoño,"1,83","1,90","31,2","23,6","80,3",0,112,,0,0,0,0,0
2023-05-03,2,2023,mayo,3,otoño,"1,83","1,90","32,4","22,8",78,0,2,,0,0,0,0,0
2023-05-04,2,2023,mayo,4,otoño,"1,83","1,85","33,2","23,8","76,8","0,9",776,,0,0,0,0,0
2023-05-05,2,2023,mayo,5,otoño,"1,86","1,96","33,2","22,8","73,9",0,373,111,0,0,0,0,0
2023-05-06,2,2023,mayo,6,otoño,"1,89","2,01","33,6","22,8","76,2",0,,,0,1,0,0,0
2023-05-07,2,2023,mayo,7,otoño,"1,89","2,01",32,"22,6","80,7",0,198,,0,0,0,0,0
2023-05-08,2,2023,mayo,8,otoño,"1,92","2,07","32,4","22,8","82,6",0,854,305,0,0,0,0,0
2023-05-09,2,2023,mayo,9,otoño,"1,83","1,90","30,4",23,"82,2",0,79,26,0,1,0,0,0
2023-05-10,2,2023,mayo,10,otoño,"1,83","1,90","31,8","23,2","80,8",0,3,,0,0,0,0,0
2023-05-11,2,2023,mayo,11,otoño,"1,61","1,63","32,2",22,"78,4",0,500,122,0,0,0,0,0
2023-05-12,2,2023,mayo,12,otoño,"1,64","1,74","31,4","22,8","81,3",0,224,,0,0,0,0,0
2023-05-13,2,2023,mayo,13,otoño,"1,69","1,79","30,2","23,2","82,8",0,,,0,0,0,0,0
2023-05-14,2,2023,mayo,14,otoño,"1,69","1,79","32,4",23,"77,9",0,127,62,0,0,0,0,0
2023-05-15,2,2023,mayo,15,otoño,"1,64","1,68","31,2","23,8","84,5",0,841,33,0,0,0,0,0
2023-05-16,2,2023,mayo,16,otoño,"1,67","1,74","32,4","23,4","80,5",0,11,33,0,0,0,0,0
2023-05-17,2,2023,mayo,17,otoño,"1,67","1,74",30,"23,8","82,9",0,5,12,0,0,0,0,0
2023-05-18,2,2023,mayo,18,otoño,"1,69","1,90","31,2","21,8","80,9",0,583,209,0,0,0,0,0
2023-05-19,2,2023,mayo,19,otoño,"1,64","1,85","31,4","21,8","80,5",0,351,35,0,0,0,0,0
2023-05-20,2,2023,mayo,20,otoño,"1,69","1,90",31,"23,2","82,5",0,,,0,0,0,0,0
2023-05-21,2,2023,mayo,21,otoño,"1,69","1,90",32,22,"74,9",0,216,64,0,0,0,0,0
2023-05-22,2,2023,mayo,22,otoño,"1,72","2,01",32,"22,8","78,6","4,3",882,263,0,1,0,0,0
2023-05-23,2,2023,mayo,23,otoño,"1,69","1,79","32,6","22,8","77,5","0,5",127,,0,0,0,0,0
2023-05-24,2,2023,mayo,24,otoño,"1,69","1,79",30,"23,8","77,1",0,5,,0,0,0,0,0
2023-05-25,2,2023,mayo,25,otoño,"1,67","1,74","30,4",23,"74,7",0,411,173,0,1,0,0,0
2023-05-26,2,2023,mayo,26,otoño,"1,69","1,90","32,2","22,6","77,1",0,221,35,0,1,1,0,0
2023-05-27,2,2023,mayo,27,otoño,"1,72","2,01","29,4","22,8","79,7",0,,,0,0,0,0,0
2023-05-28,2,2023,mayo,28,otoño,"1,72","2,01",32,"21,8","77,4",0,161,,0,0,0,0,0
2023-05-29,2,2023,mayo,29,otoño,"1,69","1,96","31,8",22,"76,1",0,804,203,0,1,0,0,0
2023-05-30,2,2023,mayo,30,otoño,"1,64","1,90",32,"21,6","74,2",0,125,,0,0,0,0,0
2023-05-31,2,2023,mayo,31,otoño,"1,64","1,90","30,4","23,2","77,6","0,2",2,3,0,0,0,0,0
2023-06-01,2,2023,junio,1,otoño,"1,61","1,85",32,"22,8","76,8",0,628,110,0,0,0,0,0
2023-06-02,2,2023,junio,2,otoño,"1,69","2,01","31,4","23,8","78,3",0,201,42,0,0,0,0,0
2023-06-03,2,2023,junio,3,otoño,"1,67","1,96","32,8","21,8","74,5",0,,,0,0,0,0,0
2023-06-04,2,2023,junio,4,otoño,"1,67","1,96","27,4","22,8",81,0,190,1,0,0,0,0,0
2023-06-05,2,2023,junio,5,otoño,"1,69","2,01","30,4","20,8","76,5",0,489,398,0,0,0,0,0
2023-06-06,2,2023,junio,6,otoño,"1,86","2,34","31,4","23,4","75,5",0,26,32,0,0,0,0,0
2023-06-07,2,2023,junio,7,otoño,"1,86","2,34",,,,0,4,,0,0,0,0,0
2023-06-08,2,2023,junio,8,otoño,"1,83","2,28",,,,0,530,246,0,0,0,0,0
2023-06-09,2,2023,junio,9,otoño,"1,83","2,07",,,,0,283,128,0,1,0,0,0
2023-06-10,2,2023,junio,10,otoño,"1,86","1,96",,,,0,,,0,0,0,0,0
2023-06-11,2,2023,junio,11,otoño,"1,86","1,96",,,,0,128,86,0,0,0,0,0
2023-06-12,2,2023,junio,12,otoño,"1,92","2,01","31,2",23,"76,9",0,971,99,0,0,0,0,0
2023-06-13,2,2023,junio,13,otoño,"1,86","1,90","28,6","22,4","77,7",0,53,36,0,0,0,0,0
2023-06-14,2,2023,junio,14,otoño,"1,86","1,90","30,8","21,4","70,2",0,60,1,0,0,0,0,0
2023-06-15,2,2023,junio,15,otoño,"1,89","2,01","31,6",20,"73,9",0,559,68,0,0,0,0,0
2023-06-16,2,2023,junio,16,otoño,"1,92","1,96","32,4",22,75,0,372,2,0,0,0,0,0
2023-06-17,2,2023,junio,17,otoño,"1,86","1,90","32,6","21,8","77,8",0,,,0,0,0,0,0
2023-06-18,2,2023,junio,18,otoño,"1,86","1,90","29,4",22,"81,8",0,172,,0,0,0,0,0
2023-06-19,2,2023,junio,19,otoño,"1,89","1,96","31,6","21,8","75,3",0,679,98,0,0,0,0,0
2023-06-20,2,2023,junio,20,otoño,"1,86","1,90",30,"20,6",,0,39,,0,0,0,0,0
2023-06-21,2,2023,junio,21,invierno,"1,86","1,90","27,6","19,8","76,8",0,9,,0,0,0,0,0
2023-06-22,2,2023,junio,22,invierno,"2,28","2,45","29,2","20,8","74,1",0,487,94,0,0,0,0,0
2023-06-23,2,2023,junio,23,invierno,"2,50","2,61","32,2","20,6",74,0,282,64,0,0,0,0,0
2023-06-24,2,2023,junio,24,invierno,"2,39","2,45","31,6",20,"73,3",0,,,0,1,0,0,0
2023-06-25,2,2023,junio,25,invierno,"2,39","2,45",29,"20,4","78,4",0,108,174,0,0,0,0,0
2023-06-26,2,2023,junio,26,invierno,"2,33","2,34",33,"19,6","73,9",0,728,117,0,0,0,0,0
2023-06-27,2,2023,junio,27,invierno,"2,56","2,55","30,2","22,8","76,7",0,163,,0,0,0,0,0
2023-06-28,2,2023,junio,28,invierno,"2,56","2,55","30,2","21,2","81,3",0,9,,0,0,0,0,0
2023-06-29,2,2023,junio,29,invierno,"2,33","2,45",30,"21,8","75,8",0,425,256,0,0,0,0,0
2023-06-30,2,2023,junio,30,invierno,"2,28","2,34",31,"20,8",73,0,370,64,0,0,0,0,0
2023-07-01,3,2023,julio,1,invierno,"2,14","2,17","32,4","19,6","73,9",0,,,0,0,0,0,0
2023-07-02,3,2023,julio,2,invierno,"2,14","2,17",28,"21,6","81,5",0,,,0,0,0,0,0
2023-07-03,3,2023,julio,3,invierno,"2,33","2,34",29,22,"73,9",0,616,220,0,0,0,0,0
2023-07-04,3,2023,julio,4,invierno,"2,33","2,39","31,2","21,8","76,2",0,54,5,0,0,0,0,1
2023-07-05,3,2023,julio,5,invierno,"2,33","2,39","28,8","22,2","77,4",0,5,,0,0,0,0,1
2023-07-06,3,2023,julio,6,invierno,"2,78","2,83","31,6","21,8","70,9",0,652,36,0,0,0,0,1
2023-07-07,3,2023,julio,7,invierno,"2,83","2,88","28,2","21,6","77,4",0,468,,0,0,0,0,1
2023-07-08,3,2023,julio,8,invierno,"2,72","2,99","27,2","22,2","80,1",0,,,0,0,0,0,1
2023-07-09,3,2023,julio,9,invierno,"2,72","2,99","31,2","22,2","77,7",0,,,0,0,0,0,1
2023-07-10,3,2023,julio,10,invierno,"2,78","3,04","31,6",22,"78,4",0,796,64,0,0,0,0,1
2023-07-11,3,2023,julio,11,invierno,"2,56","2,61","25,2","22,6","91,4",0,121,62,0,0,0,0,1
2023-07-12,3,2023,julio,12,invierno,"2,56","2,61","30,4","21,8","74,1",0,2,,0,0,0,0,1
2023-07-13,3,2023,julio,13,invierno,"2,50","2,34","31,2",22,"72,7",0,543,53,0,0,0,0,1
2023-07-14,3,2023,julio,14,invierno,"2,50","2,34","31,8","21,6",,0,,,0,1,0,0,1
2023-07-15,3,2023,julio,15,invierno,"2,33","2,77",32,22,78,0,,,0,0,0,0,1
2023-07-16,3,2023,julio,16,invierno,"2,33","2,77","29,2","22,4","77,9",0,,,0,0,0,0,1
2023-07-17,3,2023,julio,17,invierno,"3,22","3,32","28,2",22,"81,9",0,635,92,0,1,0,0,1
2023-07-18,3,2023,julio,18,invierno,"3,17","3,21","32,4","21,2","75,1",0,71,84,0,1,1,0,1
2023-07-19,3,2023,julio,19,invierno,"3,17","3,21",32,22,"77,2",0,29,91,0,0,0,0,1
2023-07-20,3,2023,julio,20,invierno,"3,44","3,48",32,"20,4","72,7",0,482,67,0,0,0,0,1
2023-07-21,3,2023,julio,21,invierno,"3,50","3,53","30,8","19,8",74,0,272,60,0,0,0,0,1
2023-07-22,3,2023,julio,22,invierno,"3,44","3,48","30,4","20,8","74,6",0,,,0,0,0,0,1
2023-07-23,3,2023,julio,23,invierno,"3,44","3,48","31,8","21,8","71,6",0,130,115,0,0,0,0,1
2023-07-24,3,2023,julio,24,invierno,"3,28","3,32","29,2","20,8","76,1",0,609,20,0,0,0,0,1
2023-07-25,3,2023,julio,25,invierno,"3,61","4,13","30,2","20,6","72,5",0,108,13,0,0,0,0,1
2023-07-26,3,2023,julio,26,invierno,"3,61","4,13","31,2",18,"73,6",0,11,,0,0,0,0,1
2023-07-27,3,2023,julio,27,invierno,"3,67","3,70","30,2","21,8","75,2",0,369,321,0,0,0,0,1
2023-07-28,3,2023,julio,28,invierno,"3,61","3,64",32,"21,2","74,5",0,,,0,0,0,0,1
2023-07-29,3,2023,julio,29,invierno,"3,39","3,48","29,4","21,8","79,2",0,,,0,0,0,0,1
2023-07-30,3,2023,julio,30,invierno,"3,39","3,48",30,20,,0,94,64,0,0,0,0,1
2023-07-31,3,2023,julio,31,invierno,"3,44","3,51","30,2","19,6","72,8",0,360,182,0,0,0,0,1
2023-08-01,3,2023,agosto,1,invierno,"4,56","4,67","29,4",19,77,0,67,,0,0,0,0,1
2023-08-02,3,2023,agosto,2,invierno,"4,56","4,67",33,"22,2","67,5",0,86,80,0,0,0,0,1
2023-08-03,3,2023,agosto,3,invierno,,,"31,6","20,6","70,3",0,,,0,0,0,0,1
2023-08-04,3,2023,agosto,4,invierno,,,30,"21,6",74,0,,,0,0,0,0,1
2023-08-05,3,2023,agosto,5,invierno,"4,78","5,11","29,8",22,69,0,,,0,0,0,0,1
2023-08-06,3,2023,agosto,6,invierno,"4,78","5,11","32,2",20,"69,3",0,170,35,0,0,0,0,1
2023-08-07,3,2023,agosto,7,invierno,"4,72","4,89","29,6","21,4",74,0,840,31,0,0,0,0,1
2023-08-08,3,2023,agosto,8,invierno,"4,94","5,00","31,6",20,"75,4",0,71,16,0,0,0,0,1
2023-08-09,3,2023,agosto,9,invierno,"4,94","5,00","30,6","22,6","72,8",0,7,,0,0,0,0,1
2023-08-10,3,2023,agosto,10,invierno,"5,22","5,54","27,8","22,2","78,6",0,491,90,0,0,0,0,1
2023-08-11,3,2023,agosto,11,invierno,"5,61","6,20",27,22,"77,9",0,404,33,0,0,0,0,1
2023-08-12,3,2023,agosto,12,invierno,"5,89","5,98",32,"22,4","69,5",0,,,0,0,0,0,1
2023-08-13,3,2023,agosto,13,invierno,"5,89","5,98","31,8","22,8",70,0,169,78,0,0,0,0,1
2023-08-14,3,2023,agosto,14,invierno,"5,83","5,87","31,2","22,8","74,5",0,718,74,0,0,0,0,1
2023-08-15,3,2023,agosto,15,invierno,"5,50","5,54","28,2",23,"78,1",0,80,,0,0,0,0,1
2023-08-16,3,2023,agosto,16,invierno,"5,50","5,54","32,2","22,6","68,1",0,5,,0,0,0,0,1
2023-08-17,3,2023,agosto,17,invierno,"5,39","5,43","29,8","21,4",78,0,420,86,0,0,0,0,1
2023-08-18,3,2023,agosto,18,invierno,"5,44","5,87","28,2",21,"76,3",0,399,12,0,0,0,0,1
2023-08-19,3,2023,agosto,19,invierno,"5,61","5,98",31,"20,8","71,8",0,,,0,0,0,0,1
2023-08-20,3,2023,agosto,20,invierno,"5,61","5,98","31,4","21,6","74,6",0,174,13,0,0,0,0,1
2023-08-21,3,2023,agosto,21,invierno,"5,72","5,98","32,4","22,2","75,8",0,445,172,0,0,0,0,1
2023-08-22,3,2023,agosto,22,invierno,"5,83","6,20","28,6","22,4","77,4",0,30,23,0,0,0,0,1
2023-08-23,3,2023,agosto,23,invierno,"5,83","6,20","33,2","21,8","72,6",0,1,,0,0,0,0,1
2023-08-24,3,2023,agosto,24,invierno,"5,89","6,30","31,2",20,"77,3",0,251,235,0,0,0,0,1
2023-08-25,3,2023,agosto,25,invierno,"5,94","6,41","31,4","21,4",72,0,276,12,0,0,0,0,1
2023-08-26,3,2023,agosto,26,invierno,"5,89","6,30",28,"20,8","76,1",0,,,0,0,0,0,1
2023-08-27,3,2023,agosto,27,invierno,"5,89","6,30","29,4","19,8","73,9",0,165,,0,0,0,0,1
2023-08-28,3,2023,agosto,28,invierno,"6,11","6,63","30,2",20,75,0,493,111,0,0,0,0,1
2023-08-29,3,2023,agosto,29,invierno,"9,94","10,11","32,8","18,6","72,3",0,55,2,0,0,0,0,1
2023-08-30,3,2023,agosto,30,invierno,"9,94","10,11","26,2",21,"79,6",0,19,,0,0,0,0,1
2023-08-31,3,2023,agosto,31,invierno,"11,61","12,28","30,2","20,6",73,0,429,32,0,0,0,0,1
2023-09-01,3,2023,septiembre,1,invierno,"11,83","12,39","32,2",20,71,0,326,17,0,0,0,0,1
2023-09-02,3,2023,septiembre,2,invierno,"12,06","12,50","28,2","21,2",80,0,,,0,0,0,0,1
2023-09-03,3,2023,septiembre,3,invierno,"12,06","12,50",28,"21,4",,0,159,27,0,0,0,0,1
2023-09-04,3,2023,septiembre,4,invierno,"12,11","12,50","31,4","19,8","76,6",0,432,100,0,0,0,0,1
2023-09-05,3,2023,septiembre,5,invierno,"11,22","11,52","28,2","21,2","77,3",0,60,38,0,0,0,0,1
2023-09-06,3,2023,septiembre,6,invierno,"11,22","11,52",31,"20,6","73,2",0,15,,0,0,0,0,1
2023-09-07,3,2023,septiembre,7,invierno,"10,72","10,76","26,2","20,8","77,1",0,431,58,0,0,0,0,1
2023-09-08,3,2023,septiembre,8,invierno,"10,78","11,09","29,4","19,8","72,9",0,165,57,0,0,0,0,1
2023-09-09,3,2023,septiembre,9,invierno,"10,61","10,65","31,2","18,6","71,8",0,,,1,0,0,0,1
2023-09-10,3,2023,septiembre,10,invierno,"10,61","10,65",32,"20,4","72,8",0,119,,0,0,0,0,1
2023-09-11,3,2023,septiembre,11,invierno,"9,72","9,78","31,8","21,2","74,3",0,417,55,0,0,0,0,1
2023-09-12,3,2023,septiembre,12,invierno,"9,44","9,67",31,"19,8","72,8",0,5,26,0,0,0,0,1
2023-09-13,3,2023,septiembre,13,invierno,"9,44","9,67",31,"19,2","70,2",0,2,,0,0,0,0,1
2023-09-14,3,2023,septiembre,14,invierno,"9,94","10,11",31,"18,6","68,8",0,146,238,0,0,0,0,1
2023-09-15,3,2023,septiembre,15,invierno,"9,94","10,11","31,2","19,6","70,5",0,184,39,0,0,0,0,1
2023-09-16,3,2023,septiembre,16,invierno,"9,89","10,22","32,4","19,8","70,7",0,,,0,0,0,0,1
2023-09-17,3,2023,septiembre,17,invierno,"9,89","10,22",32,20,"72,1",0,17,51,0,0,0,0,1
2023-09-18,3,2023,septiembre,18,invierno,"9,44","9,78","30,6","21,6","73,8",0,423,11,0,0,0,0,1
2023-09-19,3,2023,septiembre,19,invierno,"8,94","9,46","31,6",22,"68,7",0,49,29,0,0,0,0,1
2023-09-20,3,2023,septiembre,20,invierno,"8,94","9,46","29,8","19,6",75,0,,,0,0,0,0,1
2023-09-21,3,2023,septiembre,21,primavera,"9,61","9,78","32,6","19,8","73,5",0,287,134,1,0,0,0,1
2023-09-22,3,2023,septiembre,22,primavera,"9,83","9,89",32,"20,8","70,1",0,175,79,0,0,0,0,1
2023-09-23,3,2023,septiembre,23,primavera,"9,89","10,11","29,2",21,"75,4",0,,,0,0,0,0,1
2023-09-24,3,2023,septiembre,24,primavera,"10,11","11,09","32,8","21,8","67,4",0,61,2,0,0,0,0,1
2023-09-25,3,2023,septiembre,25,primavera,"10,06","10,65",30,"20,8","75,4",0,639,,0,0,0,0,1
2023-09-26,3,2023,septiembre,26,primavera,"9,89","10,22","30,4","19,6","73,8",0,22,,0,0,0,0,1
2023-09-27,3,2023,septiembre,27,primavera,"9,89","10,22","30,2","19,8","72,8",0,3,,0,0,0,0,1
2023-09-28,3,2023,septiembre,28,primavera,"9,61","9,89","31,4",20,"73,4",0,450,104,1,0,0,0,1
2023-09-29,3,2023,septiembre,29,primavera,"9,44","9,46",32,"20,8","71,7",0,184,49,0,0,0,0,1
2023-09-30,3,2023,septiembre,30,primavera,"9,00","9,35","31,6","20,6","69,3",0,,,0,0,0,0,1
2023-10-01,4,2023,octubre,1,primavera,"9,06","9,40","32,6","21,6","70,3",0,75,38,0,0,0,0,1
2023-10-02,4,2023,octubre,2,primavera,"9,00","9,02","32,4",21,"72,5",0,504,28,0,0,0,0,1
2023-10-03,4,2023,octubre,3,primavera,"8,78","8,91",28,21,,"0,1",79,11,0,0,0,0,1
2023-10-04,4,2023,octubre,4,primavera,"8,78","8,91","32,2","19,8","73,9",0,1,1,0,0,0,0,1
2023-10-05,4,2023,octubre,5,primavera,"8,50","9,24","33,4","20,8",76,0,539,42,0,0,0,0,1
2023-10-06,4,2023,octubre,6,primavera,"8,06","8,48",32,"21,8","71,3",0,380,102,0,0,0,0,1
2023-10-07,4,2023,octubre,7,primavera,"7,44","7,61","31,2","20,8","73,2",0,,,0,0,0,0,1
2023-10-08,4,2023,octubre,8,primavera,"7,44","7,61","32,8",21,"72,5",0,112,4,0,0,0,0,1
2023-10-09,4,2023,octubre,9,primavera,"4,11","6,30",32,"20,8","73,4",2,698,106,1,0,0,0,1
2023-10-10,4,2023,octubre,10,primavera,"3,89","5,00",28,"19,8",,0,101,40,0,0,0,0,1
2023-10-11,4,2023,octubre,11,primavera,"3,89","5,00","31,6","20,2","71,6",0,3,,0,0,0,0,1
2023-10-12,4,2023,octubre,12,primavera,"3,28","4,57","32,8","20,6","70,6",0,422,37,0,0,0,0,1
2023-10-13,4,2023,octubre,13,primavera,"3,22","4,46",32,"19,8","70,8",0,431,1,0,0,0,0,1
2023-10-14,4,2023,octubre,14,primavera,"3,17","4,13",28,"20,8","76,7",0,,,0,0,0,0,1
2023-10-15,4,2023,octubre,15,primavera,"3,17","4,13",32,20,"76,6",0,82,171,0,0,0,0,1
2023-10-16,4,2023,octubre,16,primavera,"3,06","4,02","33,8",21,70,0,608,102,0,0,0,0,1
2023-10-17,4,2023,octubre,17,primavera,"3,00","3,80","32,6","21,8","70,8",0,49,,1,0,0,0,1
2023-10-18,4,2023,octubre,18,primavera,"3,00","3,80",32,"20,6","74,3",0,1,31,0,0,0,0,1
2023-10-19,4,2023,octubre,19,primavera,"2,94","3,75",30,"20,8",76,0,366,337,1,0,0,0,1
2023-10-20,4,2023,octubre,20,primavera,"3,00","3,64",32,"20,6","74,3",0,472,87,0,0,0,0,1
2023-10-21,4,2023,octubre,21,primavera,"3,06","3,75","32,8",22,"72,1",0,,,0,0,0,0,1
2023-10-22,4,2023,octubre,22,primavera,"3,06","3,75",33,"22,2","70,3",0,157,153,0,0,0,0,1
2023-10-23,4,2023,octubre,23,primavera,"3,00","3,70","30,8","21,4",78,0,885,56,0,0,0,0,1
2023-10-24,4,2023,octubre,24,primavera,"2,61","3,64","30,2","20,8","78,6",0,92,33,0,0,0,0,1
2023-10-25,4,2023,octubre,25,primavera,"2,61","3,64",30,"20,6","75,7",0,1,,0,0,0,0,1
2023-10-26,4,2023,octubre,26,primavera,"2,39","3,37",32,"20,8","74,9",0,762,90,0,0,0,0,1
2023-10-27,4,2023,octubre,27,primavera,"1,94","2,93","29,8","21,4","75,7","0,3",514,108,0,0,0,0,1
2023-10-28,4,2023,octubre,28,primavera,"1,89","2,39","30,4","20,6",75,0,,,0,0,0,0,1
2023-10-29,4,2023,octubre,29,primavera,"1,89","2,39","32,8","21,4","70,1",0,103,26,0,0,0,0,1
2023-10-30,4,2023,octubre,30,primavera,"1,72","2,17","29,4",20,"79,9",0,505,34,0,0,0,0,1
2023-10-31,4,2023,octubre,31,primavera,"1,69","2,01","30,8","20,8","78,6",0,48,33,0,0,0,0,1
2023-11-01,4,2023,noviembre,1,primavera,"1,69","2,01","30,4","20,4","76,2",0,,,0,0,0,0,1
2023-11-02,4,2023,noviembre,2,primavera,"1,67","1,90",30,"19,2","73,2",0,865,3,0,0,0,0,1
2023-11-03,4,2023,noviembre,3,primavera,"1,67","1,90","31,2","18,8","74,1",0,451,95,0,0,0,0,1
2023-11-04,4,2023,noviembre,4,primavera,"1,64","1,96","28,2",19,,0,,,0,0,0,0,1
2023-11-05,4,2023,noviembre,5,primavera,"1,64","1,96","29,2","19,6","76,7",0,160,78,0,0,0,0,1
2023-11-06,4,2023,noviembre,6,primavera,"1,67","1,90","30,8",20,"73,8",0,904,45,0,0,0,0,1
2023-11-07,4,2023,noviembre,7,primavera,"1,58","1,79","31,8",19,"70,5",0,124,,0,0,0,0,1
2023-11-08,4,2023,noviembre,8,primavera,"1,58","1,79","31,4","19,8","70,9",0,1,2,0,0,0,0,1
2023-11-09,4,2023,noviembre,9,primavera,"1,47","1,68","32,2","18,8","69,9",0,660,146,1,0,0,0,1
2023-11-10,4,2023,noviembre,10,primavera,"1,28","1,63","30,4","19,6","72,8",0,553,36,0,0,0,0,1
2023-11-11,4,2023,noviembre,11,primavera,"1,19","1,58","32,2","19,4","70,6",0,,,1,0,0,0,1
2023-11-12,4,2023,noviembre,12,primavera,"1,19","1,58","31,2","20,8","66,7",0,113,85,0,0,0,0,1
2023-11-13,4,2023,noviembre,13,primavera,"1,22","1,63","33,4",21,"71,8",0,619,10,0,0,0,0,1
2023-11-14,4,2023,noviembre,14,primavera,"1,22","1,52","31,8",21,"73,4",0,25,,0,0,0,0,1
2023-11-15,4,2023,noviembre,15,primavera,"1,22","1,52",29,"21,6",79,0,9,,0,0,0,0,1
2023-11-16,4,2023,noviembre,16,primavera,"1,19","1,47",32,"20,8","73,6","1,2",607,39,0,0,0,0,1
2023-11-17,4,2023,noviembre,17,primavera,"1,14","1,30","30,8","20,8","73,1",0,456,45,0,0,0,0,1
2023-11-18,4,2023,noviembre,18,primavera,"1,11","1,28","29,2","21,2","76,2",0,490,41,0,0,0,0,1
2023-11-19,4,2023,noviembre,19,primavera,"1,11","1,28","32,8",21,"72,9",0,148,1,0,0,0,0,1
2023-11-20,4,2023,noviembre,20,primavera,"1,13","1,36","32,4","21,2","74,6",0,720,69,0,0,0,0,1
2023-11-21,4,2023,noviembre,21,primavera,"1,17","1,36","31,8",21,"75,4",0,54,,0,0,0,0,1
2023-11-22,4,2023,noviembre,22,primavera,"1,17","1,36","34,2","19,4","69,7",0,5,,0,0,0,0,1
2023-11-23,4,2023,noviembre,23,primavera,"1,19","1,33","32,2","20,8","69,8",0,731,93,0,0,0,0,1
2023-11-24,4,2023,noviembre,24,primavera,"1,25","1,38","32,2","20,6","72,2",0,604,,0,0,0,0,1
2023-11-25,4,2023,noviembre,25,primavera,"1,28","1,41",32,"20,8",72,0,,,0,0,0,0,1
2023-11-26,4,2023,noviembre,26,primavera,"1,28","1,41",31,"20,4","70,2",0,117,9,0,0,0,0,1
2023-11-27,4,2023,noviembre,27,primavera,"1,33","1,52",32,"19,8","70,6",0,688,216,0,0,0,0,1
2023-11-28,4,2023,noviembre,28,primavera,"1,25","1,47","32,2","20,6","71,7",0,35,31,0,0,0,0,1
2023-11-29,4,2023,noviembre,29,primavera,"1,25","1,47","32,8","20,4","69,4",0,2,,0,0,0,0,1
2023-11-30,4,2023,noviembre,30,primavera,"1,22","1,41","34,2",21,"66,8",0,621,27,0,0,0,0,1
2023-12-01,4,2023,diciembre,1,primavera,"1,25","1,52",33,"21,6","70,9",0,466,,0,0,0,0,1
2023-12-02,4,2023,diciembre,2,primavera,"1,22","1,50","32,2","21,2","72,3",0,,,0,0,0,0,1
2023-12-03,4,2023,diciembre,3,primavera,"1,22","1,50","31,4","21,8","73,4",0,193,41,0,0,0,0,1
2023-12-04,4,2023,diciembre,4,primavera,"1,25","1,55","34,6","20,2",70,0,850,28,0,0,0,0,1
2023-12-05,4,2023,diciembre,5,primavera,"1,22","1,47","32,4","21,6","68,3",0,106,34,0,0,0,0,1
2023-12-06,4,2023,diciembre,6,primavera,"1,22","1,47","32,6",21,"70,8",0,39,,0,0,0,0,1
2023-12-07,4,2023,diciembre,7,primavera,"1,19","1,36","33,6","21,4",69,0,677,71,0,0,0,0,1
2023-12-08,4,2023,diciembre,8,primavera,"1,19","1,30","32,2","20,8",74,0,,,0,0,0,0,1
2023-12-09,4,2023,diciembre,9,primavera,"1,19","1,28",33,21,"72,5",0,,,0,0,0,0,1
2023-12-10,4,2023,diciembre,10,primavera,"1,19","1,28","33,4",21,68,0,142,81,0,0,0,0,1
2023-12-11,4,2023,diciembre,11,primavera,"1,22","1,36","33,4","20,6","71,5",0,707,229,0,0,0,0,1
2023-12-12,4,2023,diciembre,12,primavera,"1,19","1,25",35,22,"69,4",0,57,,0,0,0,0,1
2023-12-13,4,2023,diciembre,13,primavera,"1,19","1,25","34,4","21,8","70,3",0,3,,0,0,0,0,1
2023-12-14,4,2023,diciembre,14,primavera,"1,18","1,20","32,4",22,"73,8",0,326,266,0,0,0,0,1
2023-12-15,4,2023,diciembre,15,primavera,"1,14","1,17","34,2","22,6","67,1",0,273,74,0,0,0,0,1
2023-12-16,4,2023,diciembre,16,primavera,"1,08","1,14","32,4","23,4","72,9",0,,,0,0,0,0,1
2023-12-17,4,2023,diciembre,17,primavera,"1,08","1,14","34,4","22,8","72,6",0,176,5,0,0,0,0,1
2023-12-18,4,2023,diciembre,18,primavera,"1,14","1,23","33,8","22,2",73,0,728,46,0,0,0,0,1
2023-12-19,4,2023,diciembre,19,primavera,"1,11","1,23","34,2","22,6","72,1",0,3,58,0,0,0,0,1
2023-12-20,4,2023,diciembre,20,primavera,"1,11","1,23","31,4","22,8","77,2",0,52,,0,0,0,0,1
2023-12-21,4,2023,diciembre,21,verano,"1,19","1,39","34,2","20,8","72,5",0,923,37,0,0,0,0,1
2023-12-22,4,2023,diciembre,22,verano,"1,22","1,45",32,"22,2","71,6","0,2",596,33,0,0,0,0,1
2023-12-23,4,2023,diciembre,23,verano,"1,11","1,23","33,4","22,4","70,3",0,,,0,0,0,0,1
2023-12-24,4,2023,diciembre,24,verano,"1,11","1,23","34,2","22,6",69,0,,,0,0,0,0,1
2023-12-25,4,2023,diciembre,25,verano,"1,11","1,23","32,6","23,4","70,4",1,426,125,0,0,0,0,1
2023-12-26,4,2023,diciembre,26,verano,"1,11","1,23","31,6","21,4","71,6","0,6",108,17,0,0,0,0,1
2023-12-27,4,2023,diciembre,27,verano,"1,11","1,23",27,22,"84,1","2,4",3,,0,0,0,0,1
2023-12-28,4,2023,diciembre,28,verano,"1,08","1,25","33,8","21,8","75,3","4,3",408,35,0,0,0,0,1
2023-12-29,4,2023,diciembre,29,verano,"1,08","1,25",33,"22,6","72,5",0,324,33,0,0,0,0,1
2023-12-30,4,2023,diciembre,30,verano,"1,08","1,20","32,4","22,8","72,9",0,,,0,0,0,0,1
2023-12-31,4,2023,diciembre,31,verano,"1,08","1,20","33,6","22,8","69,9",0,,,0,0,0,0,1
2024-01-01,1,2024,enero,1,verano,01.08,1.2,33.4,21.8,67.1,0,,,0,0,1,0,1
2024-01-02,1,2024,enero,2,verano,1.33,1.63,34.2,22.2,65.3,0,332,,0,0,1,1,1
2024-01-03,1,2024,enero,3,verano,1.33,1.63,32.6,22.6,68.6,0,61,,0,0,1,1,1
2024-01-04,1,2024,enero,4,verano,1.25,1.47,33,23,66.1,0,668,98,0,0,1,1,1
2024-01-05,1,2024,enero,5,verano,1.33,1.52,34.4,22.8,66.8,0,412,93,0,0,1,1,1
2024-01-06,1,2024,enero,6,verano,1.31,1.47,32.4,23,65.5,0,,,0,0,1,0,1
2024-01-07,1,2024,enero,7,verano,1.31,1.47,32.2,23.4,64.5,0,244,53,0,0,1,0,1
2024-01-08,1,2024,enero,8,verano,1.36,1.58,35.4,22.8,67,0,932,215,0,0,1,1,1
2024-01-09,1,2024,enero,9,verano,1.33,1.55,34.8,23.8,66,0.2,70,10,0,1,1,0,1
2024-01-10,1,2024,enero,10,verano,1.33,1.55,34.2,24,71.3,2.1,2,1,0,1,1,1,1
2024-01-11,1,2024,enero,11,verano,1.31,1.47,31.4,22.4,76.4,0,691,179,0,1,1,1,1
2024-01-12,1,2024,enero,12,verano,1.39,1.41,34.6,23.6,65.9,0,344,13,0,1,1,1,1
2024-01-13,1,2024,enero,13,verano,1.5,1.63,36.4,23.8,67.9,0,,,0,1,1,1,1
2024-01-14,1,2024,enero,14,verano,1.5,1.63,34,24,69.2,0,223,,0,1,1,1,1
2024-01-15,1,2024,enero,15,verano,1.53,1.68,31.4,23.8,74.1,0,768,110,0,1,1,0,1
2024-01-16,1,2024,enero,16,verano,1.56,1.74,34.4,24,67.9,0,76,1,0,1,1,0,1
2024-01-17,1,2024,enero,17,verano,1.56,1.74,34.4,24,64.8,0,151,46,0,1,1,0,1
2024-01-18,1,2024,enero,18,verano,1.53,1.72,35.2,24.2,65.5,0,1032,54,0,1,1,1,1
2024-01-19,1,2024,enero,19,verano,1.57,1.66,34.4,25,66.2,0,396,117,0,1,1,0,1
2024-01-20,1,2024,enero,20,verano,1.58,1.74,34.2,24.2,70.2,0,619,293,0,1,1,0,1
2024-01-21,1,2024,enero,21,verano,1.58,1.74,35.4,24.4,70.2,0,116,71,0,1,1,0,1
2024-01-22,1,2024,enero,22,verano,1.58,1.79,35.4,25,68.7,0,812,68,0,1,1,0,1
2024-01-23,1,2024,enero,23,verano,1.36,1.58,34.4,25,73.2,0,31,7,0,1,1,1,1
2024-01-24,1,2024,enero,24,verano,1.36,1.58,35.4,24.8,67,0,4,,0,1,1,0,1
2024-01-25,1,2024,enero,25,verano,1.33,1.52,36,23.2,72.5,0,594,274,0,1,1,0,1
2024-01-26,1,2024,enero,26,verano,1.31,1.47,35.4,25,66.6,0,360,94,0,1,1,1,1
2024-01-27,1,2024,enero,27,verano,1.33,1.41,35.2,25.2,70.5,0,,,0,1,1,1,1
2024-01-28,1,2024,enero,28,verano,1.33,1.41,34.6,25.8,66.6,0,174,2,0,1,1,1,1
2024-01-29,1,2024,enero,29,verano,1.36,1.52,35.2,26.4,67.7,0,997,59,0,1,1,1,1
2024-01-30,1,2024,enero,30,verano,1.47,1.63,33.4,25,70.9,0,54,1,0,1,1,0,1
2024-01-31,1,2024,enero,31,verano,1.47,1.63,33.2,26,72.8,0,44,21,0,1,1,1,1
2024-02-01,1,2024,febrero,1,verano,1.43,1.58,35.2,24,72.7,0,973,14,0,1,1,0,1
2024-02-02,1,2024,febrero,2,verano,1.42,1.47,34.2,25.4,65.3,0,460,53,0,1,1,1,1
2024-02-03,1,2024,febrero,3,verano,1.39,1.41,34.4,24,71.2,0,,,0,1,1,0,1
2024-02-04,1,2024,febrero,4,verano,1.39,1.41,35.2,26.2,65.8,5.3,268,21,0,1,1,0,1
2024-02-05,1,2024,febrero,5,verano,1.44,1.52,34.2,23.6,77.2,0,823,66,0,1,1,0,1
2024-02-06,1,2024,febrero,6,verano,1.42,1.47,36,25.6,64.2,0,48,34,0,0,1,0,1
2024-02-07,1,2024,febrero,7,verano,1.42,1.47,35,25.6,65.9,0,2,1,0,0,1,0,1
2024-02-08,1,2024,febrero,8,verano,1.44,1.52,36.4,25.4,70.2,1,886,,0,1,0,1,1
2024-02-09,1,2024,febrero,9,verano,1.42,1.47,34.4,25,74.2,0,423,,0,1,0,0,1
2024-02-10,1,2024,febrero,10,verano,1.47,1.58,33.4,26,69.1,0,,,0,1,1,0,1
2024-02-11,1,2024,febrero,11,verano,1.47,1.58,34.4,25.8,64.9,0,243,,0,1,1,0,1
2024-02-12,1,2024,febrero,12,verano,1.5,1.63,34.2,26,65.9,0,949,77,0,1,1,0,1
2024-02-13,1,2024,febrero,13,verano,1.44,1.52,37,25.8,61.2,0,80,,0,1,0,0,1
2024-02-14,1,2024,febrero,14,verano,1.44,1.52,37.2,24.8,66.9,0,3,,0,1,1,0,1
2024-02-15,1,2024,febrero,15,verano,1.42,1.47,34.4,25.2,69.8,0,794,178,0,1,1,0,1
2024-02-16,1,2024,febrero,16,verano,1.39,1.52,35.2,25.6,68.6,0,272,326,0,1,1,0,1
2024-02-17,1,2024,febrero,17,verano,1.42,1.47,35,25.6,66.5,0,,,0,1,1,0,1
2024-02-18,1,2024,febrero,18,verano,1.42,1.47,36.4,25.8,73.8,0,116,93,0,1,0,0,1
2024-02-19,1,2024,febrero,19,verano,1.47,1.58,37.4,26.6,65.3,25.2,843,99,0,1,1,1,1
2024-02-20,1,2024,febrero,20,verano,1.42,1.47,31.8,23.2,84.3,1.3,122,,0,1,0,0,1
2024-02-21,1,2024,febrero,21,verano,1.42,1.47,35,25.6,74.1,0,9,,0,0,0,1,1
2024-02-22,1,2024,febrero,22,verano,1.44,1.52,35.8,23.8,67.9,0,650,,0,0,0,0,1
2024-02-23,1,2024,febrero,23,verano,1.53,1.58,36.6,25.8,63.5,0,369,1,0,1,0,0,1
2024-02-24,1,2024,febrero,24,verano,1.5,1.52,36.4,24,66.6,0,,,0,1,1,0,1
2024-02-25,1,2024,febrero,25,verano,1.5,1.52,36,23.6,65.3,0,304,1,0,1,0,0,1
2024-02-26,1,2024,febrero,26,verano,1.56,1.58,37,24.8,63.4,0,1125,125,0,1,1,1,1
2024-02-27,1,2024,febrero,27,verano,1.53,1.47,35.4,23,65.3,0,74,23,0,1,1,1,1
2024-02-28,1,2024,febrero,28,verano,1.53,1.47,35.2,24.6,63.3,6,8,,0,1,0,0,1
2024-02-29,1,2024,febrero,29,verano,1.42,1.47,34.6,23.2,67.1,0,998,,0,1,1,1,1
2024-03-01,1,2024,marzo,1,verano,1.39,1.41,35.6,24.8,68,0,493,2,0,1,0,0,1
2024-03-02,1,2024,marzo,2,verano,1.44,1.52,35.2,26.2,66.2,0,,,0,1,0,0,1
2024-03-03,1,2024,marzo,3,verano,1.44,1.52,35.6,25.6,62.5,0,112,20,0,0,0,0,1
2024-03-04,1,2024,marzo,4,verano,1.47,1.58,35.4,24,64.2,0,715,116,0,0,0,0,1
2024-03-05,1,2024,marzo,5,verano,1.5,1.63,35,25,64.6,0,60,,0,0,0,0,1
2024-03-06,1,2024,marzo,6,verano,1.5,1.63,36,25.6,61.2,0,1,2,0,0,0,0,1
2024-03-07,1,2024,marzo,7,verano,1.42,1.5,36.4,24.6,64.7,0,953,84,0,0,0,0,1
2024-03-08,1,2024,marzo,8,verano,1.39,1.47,35.4,24,62.7,0,505,,0,0,0,0,1
2024-03-09,1,2024,marzo,9,verano,1.39,1.47,36.4,24.2,63.2,0,,,0,0,0,0,1
2024-03-10,1,2024,marzo,10,verano,1.39,1.47,36.2,24.8,63,0,193,,0,0,0,0,1
2024-03-11,1,2024,marzo,11,verano,1.44,1.52,34.2,24,69.5,0,816,192,0,0,0,0,1
2024-03-12,1,2024,marzo,12,verano,1.64,1.68,36.2,24.8,63.4,0,74,3,0,0,0,0,1
2024-03-13,1,2024,marzo,13,verano,1.64,1.68,36.4,24.8,64.6,0,3,,0,0,0,0,1
2024-03-14,1,2024,marzo,14,verano,1.67,1.79,37,25.2,61.7,0,576,278,0,0,0,0,1
2024-03-15,1,2024,marzo,15,verano,1.81,1.96,35.2,23.8,67,0,376,104,0,0,0,0,1
2024-03-16,1,2024,marzo,16,verano,1.86,02.01,35.6,23.8,63.4,0,,,0,0,0,0,1
2024-03-17,1,2024,marzo,17,verano,1.86,02.01,36.6,23.2,,0,179,24,0,0,0,0,1
2024-03-18,1,2024,marzo,18,verano,1.72,1.9,36.8,24.6,61.9,0,639,417,0,0,0,0,1
2024-03-19,1,2024,marzo,19,verano,1.67,1.74,36.4,25.4,63.1,0,42,,0,0,0,0,1
2024-03-20,1,2024,marzo,20,verano,1.67,1.74,36.4,24.8,67,0,3,,0,0,0,0,1
2024-03-21,1,2024,marzo,21,otoño,1.64,1.68,36,24,65.6,0,865,33,0,0,0,0,1
2024-03-22,1,2024,marzo,22,otoño,1.67,1.74,36.2,24.2,64.9,0,373,12,0,0,0,0,1
2024-03-23,1,2024,marzo,23,otoño,1.61,1.68,30.8,23.8,72.2,0,,,0,0,0,0,1
2024-03-24,1,2024,marzo,24,otoño,1.61,1.68,32.4,22.8,72.9,0,168,23,0,0,0,0,1
2024-03-25,1,2024,marzo,25,otoño,1.67,1.74,37,22.2,64,0,1071,31,0,0,0,0,1
2024-03-26,1,2024,marzo,26,otoño,1.64,1.72,36,23.4,65,0,123,,0,0,0,0,1
2024-03-27,1,2024,marzo,27,otoño,1.64,1.72,35.8,22.8,63.1,0,16,,0,0,0,0,1
2024-03-28,1,2024,marzo,28,otoño,1.86,02.01,34.4,21.6,64.2,0,1073,92,0,0,0,0,1
2024-03-29,1,2024,marzo,29,otoño,1.86,02.01,36.2,22.4,62.8,0,,,0,0,0,0,1
2024-03-30,1,2024,marzo,30,otoño,1.89,02.07,35.2,22.8,64.9,0,,,0,0,0,0,1
2024-03-31,1,2024,marzo,31,otoño,1.89,02.07,35.2,24,63.8,0,28,,0,0,0,0,1
2024-04-01,2,2024,abril,1,otoño,1.86,1.96,34.4,22.8,63.3,0,785,1,0,0,0,0,1
2024-04-02,2,2024,abril,2,otoño,2,02.07,31.2,23.2,63.8,0,58,26,0,0,0,0,1
2024-04-03,2,2024,abril,3,otoño,2,02.07,36,23.8,57.6,0,5,,0,0,0,0,1
2024-04-04,2,2024,abril,4,otoño,1.97,02.01,34.8,24.4,63,0.8,997,32,0,0,0,0,1
2024-04-05,2,2024,abril,5,otoño,1.97,1.96,35.6,23.8,63.3,0,494,76,0,0,0,0,1
2024-04-06,2,2024,abril,6,otoño,2,02.07,35.4,22.8,65.5,0,,,0,0,0,0,1
2024-04-07,2,2024,abril,7,otoño,2,02.07,34.4,21.8,65.2,0,191,3,0,0,0,0,1
2024-04-08,2,2024,abril,8,otoño,1.97,02.01,36.6,24,62.6,0,800,73,0,0,0,0,1
2024-04-09,2,2024,abril,9,otoño,1.81,1.9,34.8,23.4,68.6,0,59,,0,0,0,0,1
2024-04-10,2,2024,abril,10,otoño,1.81,1.9,35.8,22.8,63.4,0,6,,0,0,0,0,1
2024-04-11,2,2024,abril,11,otoño,1.81,1.96,36,23,63.5,0,577,223,0,0,0,0,1
2024-04-12,2,2024,abril,12,otoño,1.78,02.01,35.8,23.6,65.9,0,413,,0,0,0,0,1
2024-04-13,2,2024,abril,13,otoño,1.75,1.96,34.4,23.2,66.5,0,,,0,0,0,0,1
2024-04-14,2,2024,abril,14,otoño,1.75,1.96,34.8,22.8,66.7,0,180,5,0,0,0,0,1
2024-04-15,2,2024,abril,15,otoño,1.78,02.07,33.8,23.8,64.6,0,860,59,0,0,0,0,1
2024-04-16,2,2024,abril,16,otoño,1.86,02.07,33.2,21.6,68.2,0,79,,0,0,0,0,1
2024-04-17,2,2024,abril,17,otoño,1.86,02.07,34.4,21,67.1,0,8,,0,0,0,0,1
2024-04-18,2,2024,abril,18,otoño,1.89,02.01,35.2,22,65.9,0,929,81,0,0,0,0,1
2024-04-19,2,2024,abril,19,otoño,1.86,1.96,33.8,22.6,64,0,611,11,0,0,0,0,1
2024-04-20,2,2024,abril,20,otoño,1.92,1.9,35,23.8,64.3,0,,,0,0,0,0,1
2024-04-21,2,2024,abril,21,otoño,1.92,1.9,34.2,24,62,0.6,91,29,0,0,0,0,1
2024-04-22,2,2024,abril,22,otoño,2,02.07,31,21.8,71.5,0,744,190,0,0,0,0,1
2024-04-23,2,2024,abril,23,otoño,1.92,1.96,33.4,22.2,70.2,0,45,,0,0,0,0,1
2024-04-24,2,2024,abril,24,otoño,1.92,1.96,33.2,22,69.6,0,4,,0,0,0,0,1
2024-04-25,2,2024,abril,25,otoño,1.86,1.9,34.6,22.6,64,0,580,72,1,0,0,0,1
2024-04-26,2,2024,abril,26,otoño,1.89,1.96,35,22.8,61.1,1.5,466,32,0,0,0,0,1
2024-04-27,2,2024,abril,27,otoño,1.89,1.96,34.4,21.6,69.6,1.8,,,0,0,0,0,1
2024-04-28,2,2024,abril,28,otoño,1.89,1.96,34,22.8,67.5,0,167,,0,0,0,0,1
2024-04-29,2,2024,abril,29,otoño,1.94,1.99,34.2,23,65.7,0,750,1,0,0,0,0,1
2024-04-30,2,2024,abril,30,otoño,1.72,1.9,34,21.8,67.9,0,85,,0,0,0,0,1
2024-05-01,2,2024,mayo,1,otoño,1.72,1.9,34.4,21.4,69.7,0,19,57,0,0,0,0,0
2024-05-02,2,2024,mayo,2,otoño,1.72,02.01,31.2,20,68.8,0,589,239,0,0,0,0,0
2024-05-03,2,2024,mayo,3,otoño,1.67,1.9,32,21.8,61.1,0,503,17,0,0,0,0,0
2024-05-04,2,2024,mayo,4,otoño,1.64,1.85,32.8,21,69.4,0,,,0,0,0,0,0
2024-05-05,2,2024,mayo,5,otoño,1.64,1.85,33,21.2,64.3,0,231,24,0,0,0,0,0
2024-05-06,2,2024,mayo,6,otoño,1.67,1.96,32,19.8,68.7,0,564,503,0,0,0,0,0
2024-05-07,2,2024,mayo,7,otoño,1.72,1.9,28.8,20.6,72.8,0,58,1,0,0,0,0,0
2024-05-08,2,2024,mayo,8,otoño,1.72,1.9,31.2,20.2,73,0,7,,0,0,0,0,0
2024-05-09,2,2024,mayo,9,otoño,1.47,1.58,32,20.6,70.7,0,851,34,0,0,0,0,0
2024-05-10,2,2024,mayo,10,otoño,1.42,1.52,29.8,20,73.9,0,542,,0,0,0,0,0
2024-05-11,2,2024,mayo,11,otoño,1.39,1.47,30,19.8,76.1,0,,,0,0,0,0,0
2024-05-12,2,2024,mayo,12,otoño,1.39,1.47,31.6,20.2,68.5,0,210,,0,0,0,0,0
2024-05-13,2,2024,mayo,13,otoño,1.64,02.01,30.8,19.6,72.6,0,476,234,0,0,0,0,0
2024-05-14,2,2024,mayo,14,otoño,1.5,1.58,31.4,19.2,81.9,0,53,3,0,0,0,0,0
2024-05-15,2,2024,mayo,15,otoño,1.5,1.58,31.8,20.8,70.3,0,4,,0,0,0,0,0
2024-05-16,2,2024,mayo,16,otoño,1.36,1.47,31,19.8,71.4,0,595,46,0,0,0,0,0
2024-05-17,2,2024,mayo,17,otoño,1.25,1.52,30.2,20.8,72,0,344,88,0,0,0,0,0
2024-05-18,2,2024,mayo,18,otoño,1.22,1.47,31.4,20.6,75,0,,,0,0,0,0,0
2024-05-19,2,2024,mayo,19,otoño,1.22,1.47,29,19.6,74.2,0,243,1,0,0,0,0,0
2024-05-20,2,2024,mayo,20,otoño,1.22,1.52,27.2,18.6,77.4,0,748,30,0,0,0,0,0
2024-05-21,2,2024,mayo,21,otoño,1.19,1.45,30.8,18,72.5,0,42,1,0,0,0,0,0
2024-05-22,2,2024,mayo,22,otoño,1.19,1.45,29.6,18.6,70.2,0,4,,0,0,0,0,0
2024-05-23,2,2024,mayo,23,otoño,1.22,1.47,31,18.8,73.4,0,807,18,0,0,0,0,0
2024-05-24,2,2024,mayo,24,otoño,1.25,1.36,29,19,73,0,465,66,0,0,0,0,0
2024-05-25,2,2024,mayo,25,otoño,1.19,1.3,29.6,18,76.8,0,,,1,0,0,0,0
2024-05-26,2,2024,mayo,26,otoño,1.19,1.3,29,18.8,74.2,0,105,56,0,0,0,0,0
2024-05-27,2,2024,mayo,27,otoño,1.25,1.36,29.6,17.8,73.2,0,587,153,0,0,0,0,0
2024-05-28,2,2024,mayo,28,otoño,1.22,1.25,30,18.2,69.7,0,52,,0,0,0,0,0
2024-05-29,2,2024,mayo,29,otoño,1.22,1.25,29,17.8,75.7,0,4,,0,0,0,0,0
2024-05-30,2,2024,mayo,30,otoño,1.19,1.3,29.8,18.6,74,0,523,57,0,0,0,0,0
2024-05-31,2,2024,mayo,31,otoño,1.28,1.36,28.8,17.8,74.5,0,454,,1,0,0,0,0
2024-06-01,2,2024,junio,1,otoño,1.25,1.34,29.6,17.6,73.8,0,,,0,0,0,0,0
2024-06-02,2,2024,junio,2,otoño,1.25,1.34,30,17.2,74.9,0,227,,0,0,0,0,0
2024-06-03,2,2024,junio,3,otoño,1.28,1.36,27.4,17.8,81.5,0,705,24,0,0,0,0,0
2024-06-04,2,2024,junio,4,otoño,1.22,1.3,31.2,17,76.1,0,102,4,0,0,0,0,0
2024-06-05,2,2024,junio,5,otoño,1.22,1.3,31.2,18.8,73.8,0,19,,0,0,0,0,0
2024-06-06,2,2024,junio,6,otoño,1.17,1.28,31,18.8,72.1,0,607,171,0,0,0,0,0
2024-06-07,2,2024,junio,7,otoño,1.19,1.3,31,19.2,71.9,0,,,0,0,0,0,0
2024-06-08,2,2024,junio,8,otoño,1.25,1.33,29.8,17.8,73.5,0,,,0,0,0,0,0
2024-06-09,2,2024,junio,9,otoño,1.25,1.33,28,18,73.4,0,175,34,0,0,0,0,0
2024-06-10,2,2024,junio,10,otoño,1.28,1.36,30,19,69.1,0,607,32,0,0,0,0,0
2024-06-11,2,2024,junio,11,otoño,1.39,1.41,31.4,17.6,69.5,0,149,,0,0,0,0,0
2024-06-12,2,2024,junio,12,otoño,1.39,1.41,30.8,18.8,74.7,0,10,,0,0,0,0,0
2024-06-13,2,2024,junio,13,otoño,1.44,1.52,31,19.6,75,0,509,169,0,0,0,0,0
2024-06-14,2,2024,junio,14,otoño,1.39,1.41,32.6,19.8,69.9,0,503,25,0,0,0,0,0
2024-06-15,2,2024,junio,15,otoño,1.5,1.63,28.2,18.8,76.3,0,,,0,0,0,0,0
2024-06-16,2,2024,junio,16,otoño,1.5,1.63,29.2,18,74,0,245,,0,0,0,0,0
2024-06-17,2,2024,junio,17,otoño,1.44,1.58,29.2,17.2,72.8,0,774,32,0,0,0,0,0
2024-06-18,2,2024,junio,18,otoño,1.42,1.47,28.8,18.2,72.4,0,59,,0,0,0,0,0
2024-06-19,2,2024,junio,19,otoño,1.42,1.47,30,16,70.9,0,13,1,0,0,0,0,0
2024-06-20,2,2024,junio,20,otoño,1.47,1.58,30,18.8,71.8,0,693,8,0,0,0,0,0
2024-06-21,2,2024,junio,21,invierno,1.5,1.63,26.8,19,81.4,0,370,103,0,0,0,0,0
2024-06-22,2,2024,junio,22,invierno,1.44,1.52,30.2,18.8,74.4,0,,,0,0,0,0,0
2024-06-23,2,2024,junio,23,invierno,1.44,1.52,29.6,17.8,74.9,0,222,44,0,0,0,0,0
2024-06-24,2,2024,junio,24,invierno,1.5,1.63,28.2,17.6,76.5,0,886,,0,0,0,0,0
2024-06-25,2,2024,junio,25,invierno,1.42,1.58,27.6,17,74.9,0,83,84,0,0,0,0,0
2024-06-26,2,2024,junio,26,invierno,1.42,1.58,30.6,17.8,70.9,0,3,,0,0,0,0,0
2024-06-27,2,2024,junio,27,invierno,1.42,1.52,30.8,18.2,75.1,0,483,220,0,0,0,0,0
2024-06-28,2,2024,junio,28,invierno,1.44,1.55,30.6,19,71.6,0,563,,0,0,0,0,0
2024-06-29,2,2024,junio,29,invierno,1.42,1.58,30.8,18.2,73.6,0,,,0,0,0,0,0
2024-06-30,2,2024,junio,30,invierno,1.42,1.58,31,18.4,72.5,0,252,,0,0,0,0,0
2024-07-01,3,2024,julio,1,invierno,1.47,1.52,28,18.2,72.2,0,633,10,0,0,0,0,0
2024-07-02,3,2024,julio,2,invierno,1.47,1.58,28.4,17.8,75.1,0,83,,0,0,0,0,0
2024-07-03,3,2024,julio,3,invierno,1.47,1.58,29.8,18.2,76.6,0,3,,0,0,0,0,0
2024-07-04,3,2024,julio,4,invierno,1.42,1.47,33.4,17.2,75.7,0,545,61,0,0,0,0,0
2024-07-05,3,2024,julio,5,invierno,1.5,1.58,28.6,20,76.2,0,373,69,0,0,0,0,0
2024-07-06,3,2024,julio,6,invierno,1.44,1.52,30,18.8,78.1,0,,,0,0,0,0,0
2024-07-07,3,2024,julio,7,invierno,1.44,1.52,29.2,18.8,77.7,0,192,65,0,0,0,0,0
2024-07-08,3,2024,julio,8,invierno,1.5,1.63,28,18.6,78.7,0,772,28,0,0,0,0,0
2024-07-09,3,2024,julio,9,invierno,1.47,1.58,27,18.2,76.8,0,107,,0,0,0,0,0
2024-07-10,3,2024,julio,10,invierno,1.47,1.58,27.2,16.8,77.1,0,7,,0,0,0,0,0
2024-07-11,3,2024,julio,11,invierno,1.5,1.63,28,17.8,78.7,0,590,187,1,0,0,0,0
2024-07-12,3,2024,julio,12,invierno,1.5,1.63,29.8,18.4,74.7,0,407,124,0,0,0,0,0
2024-07-13,3,2024,julio,13,invierno,1.47,1.58,28.2,17.8,76.6,0,,,0,0,0,0,0
2024-07-14,3,2024,julio,14,invierno,1.47,1.58,28,17.6,78.1,0,265,22,0,0,0,0,0
2024-07-15,3,2024,julio,15,invierno,1.53,1.68,27.2,17.8,74.5,0,735,97,0,0,0,0,0
2024-07-16,3,2024,julio,16,invierno,1.53,1.74,28.4,14.8,74.4,0,85,32,0,0,0,0,0
2024-07-17,3,2024,julio,17,invierno,1.53,1.74,29.8,15.2,73.7,0,3,,0,0,0,0,0
2024-07-18,3,2024,julio,18,invierno,1.47,1.68,28.2,17.2,72.6,0,696,,0,0,0,0,0
2024-07-19,3,2024,julio,19,invierno,1.47,1.68,28.2,17.8,72.1,0,499,56,0,0,0,0,0
2024-07-20,3,2024,julio,20,invierno,1.5,1.79,24.2,16.8,73.4,0,,,0,0,0,0,0
2024-07-21,3,2024,julio,21,invierno,1.5,1.79,27.6,15.2,70.9,0,124,108,0,0,0,0,0
2024-07-22,3,2024,julio,22,invierno,1.44,1.74,29,15.8,70.1,0,780,,0,0,0,0,0
2024-07-23,3,2024,julio,23,invierno,1.42,1.72,28.8,16.8,72,0,124,,0,0,0,0,0
2024-07-24,3,2024,julio,24,invierno,1.42,1.72,30,17.2,68.8,0,4,,0,0,0,0,0
2024-07-25,3,2024,julio,25,invierno,1.25,1.52,28.2,16.8,71.2,0,802,69,0,0,0,0,0
2024-07-26,3,2024,julio,26,invierno,1.28,1.58,28.2,17,76.5,0,500,,0,0,0,0,0
2024-07-27,3,2024,julio,27,invierno,1.22,1.47,29,14.8,75.2,0,,,0,0,0,0,0
2024-07-28,3,2024,julio,28,invierno,1.22,1.47,28,17.6,75.8,0,,,0,0,0,0,0
2024-07-29,3,2024,julio,29,invierno,1.22,1.47,29.6,16.8,72.4,0,772,97,0,0,0,0,0
2024-07-30,3,2024,julio,30,invierno,1.14,1.36,30.4,17.2,74.8,0,77,,0,0,0,0,0
2024-07-31,3,2024,julio,31,invierno,1.14,1.36,29.6,17.2,76.1,0,7,,0,0,0,0,0
2024-08-01,3,2024,agosto,1,invierno,1.22,1.47,29.4,17.2,76.2,0,388,202,0,0,0,0,0
2024-08-02,3,2024,agosto,2,invierno,1.19,1.41,29.2,17,75.2,0,348,84,0,0,0,0,0
2024-08-03,3,2024,agosto,3,invierno,1.22,1.47,28.2,17.8,77.9,0,,,0,0,0,0,0
2024-08-04,3,2024,agosto,4,invierno,1.22,1.47,27.2,17.8,,0,191,89,1,0,0,0,0
2024-08-05,3,2024,agosto,5,invierno,1.31,1.58,27.2,17.8,74.8,0,750,106,0,0,0,0,0
2024-08-06,3,2024,agosto,6,invierno,1.42,1.47,28.6,17.6,75.4,0,85,33,0,0,0,0,0
2024-08-07,3,2024,agosto,7,invierno,1.42,1.47,27.6,17.8,76.7,0,62,,0,0,0,0,0
2024-08-08,3,2024,agosto,8,invierno,1.39,1.41,28.6,17,74.7,0,851,29,0,0,0,0,0
2024-08-09,3,2024,agosto,9,invierno,1.33,1.47,29.6,16.4,71.6,0,528,1,0,0,0,0,0
2024-08-10,3,2024,agosto,10,invierno,1.36,1.52,29,17.8,75.7,0,,,0,0,0,0,0
2024-08-11,3,2024,agosto,11,invierno,1.36,1.52,27.2,18,78.8,0,280,72,0,0,0,0,0
2024-08-12,3,2024,agosto,12,invierno,1.36,1.58,28.6,17.2,73.6,0,631,235,0,0,0,0,0
2024-08-13,3,2024,agosto,13,invierno,1.31,1.47,29,16,73.7,0,139,,0,0,0,0,0
2024-08-14,3,2024,agosto,14,invierno,1.31,1.47,30.6,17.8,71.6,0,4,,0,0,0,0,0
2024-08-15,3,2024,agosto,15,invierno,1.36,1.58,25.8,17,72.9,0,736,75,0,0,0,0,0
2024-08-16,3,2024,agosto,16,invierno,1.33,1.52,27.8,16.8,78,0,509,59,0,0,0,0,0
2024-08-17,3,2024,agosto,17,invierno,1.32,1.55,27.4,15.6,73.2,0,,,0,0,0,0,0
2024-08-18,3,2024,agosto,18,invierno,1.32,1.55,28.8,16,68,0,177,53,0,0,0,0,0
2024-08-19,3,2024,agosto,19,invierno,1.35,1.58,30.2,16.6,71.8,0,1050,,0,0,0,0,0
2024-08-20,3,2024,agosto,20,invierno,1.33,1.51,28,17.6,75.5,0,97,92,0,0,0,0,0
2024-08-21,3,2024,agosto,21,invierno,1.32,1.46,27.2,17.4,75.1,0,5,2,0,0,0,0,0
2024-08-22,3,2024,agosto,22,invierno,1.19,1.3,28,17.8,75.4,0,764,3,0,0,0,0,0
2024-08-23,3,2024,agosto,23,invierno,1.17,1.33,25.2,17.4,78,0,448,39,0,0,0,0,0
2024-08-24,3,2024,agosto,24,invierno,1.22,1.43,28.6,16.4,74.5,0,,,0,0,0,0,0
2024-08-25,3,2024,agosto,25,invierno,1.22,1.43,30.8,17.2,70.9,0,188,,0,0,0,0,0
2024-08-26,3,2024,agosto,26,invierno,1.19,1.36,29.2,17.8,71.6,0,698,215,0,0,0,0,0
2024-08-27,3,2024,agosto,27,invierno,1.31,1.34,30,18,75.1,0,89,,0,0,0,0,0
2024-08-28,3,2024,agosto,28,invierno,1.31,1.34,28.8,17.2,71.2,0,5,,0,0,0,0,0
2024-08-29,3,2024,agosto,29,invierno,1.26,1.3,27.8,17,75.4,0,734,,0,0,0,0,0
2024-08-30,3,2024,agosto,30,invierno,1.28,1.36,26.4,17,74.7,0,,,0,0,0,0,0
2024-08-31,3,2024,agosto,31,invierno,1.25,1.28,28,17.2,72.7,0,,,0,0,0,0,0
2024-09-01,3,2024,septiembre,1,invierno,1.25,1.28,27.2,16,74.9,0,216,31,0,0,0,0,0
2024-09-02,3,2024,septiembre,2,invierno,1.27,1.36,28,16.2,73.2,0,872,84,0,0,0,0,0
2024-09-03,3,2024,septiembre,3,invierno,1.33,1.41,27.2,16.8,76.3,0,105,34,0,0,0,0,0
2024-09-04,3,2024,septiembre,4,invierno,1.33,1.41,27.2,16.4,74.6,0,,,0,0,0,0,0
2024-09-05,3,2024,septiembre,5,invierno,1.32,1.38,29,16.8,74.2,0,406,495,0,0,0,0,0
2024-09-06,3,2024,septiembre,6,invierno,1.36,1.38,29.4,15,72.8,0,337,188,0,0,0,0,0
2024-09-07,3,2024,septiembre,7,invierno,1.31,1.36,30.8,16.8,68.4,0,,,0,0,0,0,0
2024-09-08,3,2024,septiembre,8,invierno,1.31,1.36,30.2,16.8,70.2,0,270,31,0,0,0,0,0
2024-09-09,3,2024,septiembre,9,invierno,1.32,1.41,30.2,17.2,74.1,0,580,379,0,0,0,0,0
2024-09-10,3,2024,septiembre,10,invierno,1.39,1.45,30.4,17.4,75.5,0,78,58,0,0,0,0,0
2024-09-11,3,2024,septiembre,11,invierno,1.39,1.45,29.8,17.8,76.1,0,4,3,0,0,0,0,0
2024-09-12,3,2024,septiembre,12,invierno,1.37,1.41,30.4,17.2,68.4,0,710,17,0,0,0,0,0
2024-09-13,3,2024,septiembre,13,invierno,1.39,1.43,29.6,16.8,74,0,533,8,0,0,0,0,0
2024-09-14,3,2024,septiembre,14,invierno,1.42,1.47,28,17,74.2,0,,,0,0,0,0,0
2024-09-15,3,2024,septiembre,15,invierno,1.42,1.47,28.2,16.6,72.7,0,111,200,0,0,0,0,0
2024-09-16,3,2024,septiembre,16,invierno,1.39,1.41,29.2,16,72.5,0,994,124,0,0,0,0,0
2024-09-17,3,2024,septiembre,17,invierno,1.36,1.38,30.8,17.8,70.5,0,153,4,1,0,0,0,0
2024-09-18,3,2024,septiembre,18,invierno,1.36,1.38,29,18.6,70.6,0,32,,0,0,0,0,0
2024-09-19,3,2024,septiembre,19,invierno,1.42,1.47,29.6,17.8,72.9,0,795,45,0,0,0,0,0
2024-09-20,3,2024,septiembre,20,invierno,1.44,1.52,28.6,18,74.6,0,475,35,0,0,0,0,0
2024-09-21,3,2024,septiembre,21,primavera,1.47,1.52,30,18.8,73.6,0,,,0,0,0,0,0
2024-09-22,3,2024,septiembre,22,primavera,1.47,1.52,29.8,18,67.3,0,200,95,0,0,0,0,0
2024-09-23,3,2024,septiembre,23,primavera,1.5,1.58,31.2,18,69.7,0,701,220,0,0,0,0,0
2024-09-24,3,2024,septiembre,24,primavera,1.47,1.52,29.8,18.4,68.8,0,120,31,0,0,0,0,0
2024-09-25,3,2024,septiembre,25,primavera,1.47,1.52,29.2,16.8,71.3,0,3,,0,0,0,0,0
2024-09-26,3,2024,septiembre,26,primavera,1.44,1.58,30,17.6,68,0,519,180,0,0,0,0,0
2024-09-27,3,2024,septiembre,27,primavera,1.58,1.68,29.8,17.4,69.2,0,242,191,0,0,0,0,0
2024-09-28,3,2024,septiembre,28,primavera,1.61,1.79,28.2,18.2,,0,,,0,0,0,0,0
2024-09-29,3,2024,septiembre,29,primavera,1.61,1.79,29.8,17.6,70.5,0,286,32,0,0,0,0,0
2024-09-30,3,2024,septiembre,30,primavera,1.67,1.79,31.2,18.4,68.9,0,810,181,0,0,0,0,0
2024-10-01,4,2024,octubre,1,primavera,1.78,1.96,30.2,18,68.1,0,148,62,0,0,0,0,0
2024-10-02,4,2024,octubre,2,primavera,1.78,1.96,31,18,67.7,0,4,,0,0,0,0,0
2024-10-03,4,2024,octubre,3,primavera,1.83,02.01,33,18.4,67.5,0,808,4,0,0,0,0,0
2024-10-04,4,2024,octubre,4,primavera,1.69,1.79,31.8,18.4,72.9,0,615,10,0,0,0,0,0
2024-10-05,4,2024,octubre,5,primavera,1.72,1.74,34.2,18,70.3,0,,,1,0,0,0,0
2024-10-06,4,2024,octubre,6,primavera,1.72,1.74,31.2,18.8,69.6,0,252,63,0,0,0,0,0
2024-10-07,4,2024,octubre,7,primavera,1.75,1.79,30.2,18,67.8,0,688,250,0,0,0,0,0
2024-10-08,4,2024,octubre,8,primavera,1.78,1.85,30,18.6,66.6,0,156,26,0,0,0,0,0
2024-10-09,4,2024,octubre,9,primavera,2.33,2.93,29,18.2,69.5,0,29,1,0,0,0,0,0
2024-10-10,4,2024,octubre,10,primavera,2.28,2.83,29.2,18.4,71,0,824,33,0,0,0,0,0
2024-10-11,4,2024,octubre,11,primavera,2.22,2.61,30,18.2,69.6,0,156,281,0,0,0,0,0
2024-10-12,4,2024,octubre,12,primavera,2.22,2.61,31,18,69.7,0,,,0,0,0,0,0
2024-10-13,4,2024,octubre,13,primavera,2.22,2.61,30.4,18,68.8,0,251,,0,0,0,0,0
2024-10-14,4,2024,octubre,14,primavera,2.19,2.55,28.2,17.06,71.4,0,937,1,0,0,0,0,0
2024-10-15,4,2024,octubre,15,primavera,2.31,2.77,30.2,18,69.1,0,44,22,0,0,0,0,0
2024-10-16,4,2024,octubre,16,primavera,2.31,2.77,30.6,17.2,70.4,0,11,,0,0,0,0,0
2024-10-17,4,2024,octubre,17,primavera,2.56,2.88,29.4,17.8,69.1,0,988,167,0,0,0,0,0
2024-10-18,4,2024,octubre,18,primavera,2.5,2.77,31,17.2,70.2,0,498,112,0,0,0,0,0
2024-10-19,4,2024,octubre,19,primavera,2.31,2.45,30.2,18.2,68.9,0,,,0,0,0,0,0
2024-10-20,4,2024,octubre,20,primavera,2.31,2.45,29.2,18.8,69.7,0,222,163,0,0,0,0,0
2024-10-21,4,2024,octubre,21,primavera,2.17,2.39,32,17.6,65.6,0,850,80,0,0,0,0,0
2024-10-22,4,2024,octubre,22,primavera,02.08,2.34,30.4,18.4,70.8,0,161,99,1,0,0,0,0
2024-10-23,4,2024,octubre,23,primavera,02.08,2.34,29,17.2,74.8,0,91,21,1,0,0,0,0
2024-10-24,4,2024,octubre,24,primavera,2.11,2.55,28.8,18.8,71.2,0,592,,0,0,0,0,0
2024-10-25,4,2024,octubre,25,primavera,2.17,2.61,29,18.8,74.2,0,301,30,0,0,0,0,0
2024-10-26,4,2024,octubre,26,primavera,2.28,2.72,31,19,64.7,0,,,0,0,0,0,0
2024-10-27,4,2024,octubre,27,primavera,2.28,2.72,30.6,17.8,68.9,0,206,179,0,0,0,0,0
2024-10-28,4,2024,octubre,28,primavera,2.33,2.75,30,18,69,0,1176,35,0,0,0,0,0
2024-10-29,4,2024,octubre,29,primavera,1.94,2.45,30.8,17.8,67.6,0,227,32,0,0,0,0,0
2024-10-30,4,2024,octubre,30,primavera,1.94,2.45,30.2,18.6,70.2,0,5,32,0,0,0,0,0
2024-10-31,4,2024,octubre,31,primavera,1.92,2.23,30.4,17.2,67.9,0,882,38,0,0,0,0,0
2024-11-01,4,2024,noviembre,1,primavera,1.89,2.17,30.4,18.2,71.2,0,,,0,0,0,0,0
2024-11-02,4,2024,noviembre,2,primavera,1.86,2.12,26.6,18.6,74.3,0,,,0,0,0,0,0
2024-11-03,4,2024,noviembre,3,primavera,1.86,2.12,29,19,69.5,0,65,134,0,0,0,0,0
2024-11-04,4,2024,noviembre,4,primavera,1.89,2.17,30.2,19.4,71.3,0,664,144,0,0,0,0,0
2024-11-05,4,2024,noviembre,5,primavera,1.86,02.01,28.8,19.2,78.2,0,37,31,0,0,0,0,0
2024-11-06,4,2024,noviembre,6,primavera,1.86,02.01,26.4,19,80.1,0,1,4,0,0,0,0,0
2024-11-07,4,2024,noviembre,7,primavera,2,02.07,29.6,18.6,73.3,0,732,346,0,0,0,0,0
2024-11-08,4,2024,noviembre,8,primavera,1.97,02.01,28.2,18.4,73.1,0,561,63,0,0,0,0,0
2024-11-09,4,2024,noviembre,9,primavera,2,02.07,29.2,18.8,71.9,0,,,0,0,0,0,0
2024-11-10,4,2024,noviembre,10,primavera,2,02.07,26.2,18,78.7,0,224,166,0,0,0,0,0
2024-11-11,4,2024,noviembre,11,primavera,1.89,1.96,31.2,16.4,74.4,0,1055,132,0,0,0,0,0
2024-11-12,4,2024,noviembre,12,primavera,1.44,1.52,30,19.8,70.8,0,256,27,1,0,0,0,0
2024-11-13,4,2024,noviembre,13,primavera,1.14,1.36,31.8,19.8,68.2,0,80,1,0,0,0,0,0
2024-11-14,4,2024,noviembre,14,primavera,1.11,1.33,30,18.6,72.8,0,620,12,0,0,0,0,0
2024-11-15,4,2024,noviembre,15,primavera,1.19,1.34,29,17.8,73.6,0,301,61,0,0,0,0,0
2024-11-16,4,2024,noviembre,16,primavera,1.22,1.3,31.8,19.8,65.4,0,,,0,0,0,0,0
2024-11-17,4,2024,noviembre,17,primavera,1.22,1.3,31.8,20.6,62.8,0,64,80,0,0,0,0,0
2024-11-18,4,2024,noviembre,18,primavera,1.25,1.36,31.4,20.2,70.4,0,1080,100,0,0,0,0,0
2024-11-19,4,2024,noviembre,19,primavera,1.24,1.3,30.6,19,70.6,0,156,13,0,0,0,0,0
2024-11-20,4,2024,noviembre,20,primavera,1.24,1.3,32,17,66.6,0,32,,0,0,0,0,0
2024-11-21,4,2024,noviembre,21,primavera,1.22,1.28,29.2,18.8,68.6,0,941,85,0,0,0,0,0
2024-11-22,4,2024,noviembre,22,primavera,1.25,1.36,32,18.6,66.8,0,515,36,0,0,0,0,0
2024-11-23,4,2024,noviembre,23,primavera,1.22,1.33,30.2,19.8,72.3,0,,,0,0,0,0,0
2024-11-24,4,2024,noviembre,24,primavera,1.22,1.33,32.2,19.6,69.2,0,258,,0,0,0,0,0
2024-11-25,4,2024,noviembre,25,primavera,1.25,1.36,32.6,20,64.3,0,950,72,0,0,0,0,0
2024-11-26,4,2024,noviembre,26,primavera,01.03,1.14,32.6,20.8,65.8,0,87,58,0,0,0,0,0
2024-11-27,4,2024,noviembre,27,primavera,01.03,1.14,32.8,21,64.6,0,9,,0,0,0,0,0
2024-11-28,4,2024,noviembre,28,primavera,1,01.09,32.4,19.8,66.4,0,627,61,0,0,0,0,0
2024-11-29,4,2024,noviembre,29,primavera,0.97,1.14,33,20,68.3,0,298,2,0,0,0,0,0
2024-11-30,4,2024,noviembre,30,primavera,0.94,1.2,32.6,20,66,0,,,0,0,0,0,0
2024-12-01,4,2024,diciembre,1,primavera,0.94,1.2,33,20.8,67.1,0,122,62,0,0,0,0,0
2024-12-02,4,2024,diciembre,2,primavera,0.94,1.14,34,20,64.6,0,720,268,0,0,0,0,0
2024-12-03,4,2024,diciembre,3,primavera,01.03,1.25,33.4,21.2,60.9,0.1,97,9,0,0,0,0,0
2024-12-04,4,2024,diciembre,4,primavera,01.03,1.25,32.8,20,71.3,0,4,,0,0,0,0,0
2024-12-05,4,2024,diciembre,5,primavera,1.11,1.3,32.6,20.4,65.7,0,723,257,1,0,0,0,0
2024-12-06,4,2024,diciembre,6,primavera,1.14,1.34,33.6,20,63.6,0,411,33,0,0,0,0,0
2024-12-07,4,2024,diciembre,7,primavera,01.08,1.36,33.2,19.4,64.6,0,,,0,0,0,0,0
2024-12-08,4,2024,diciembre,8,primavera,01.08,1.36,32,19,66,0,,,0,0,0,0,0
2024-12-09,4,2024,diciembre,9,primavera,1.11,1.3,32.4,19.8,62.2,0,1193,32,0,0,0,0,0
2024-12-10,4,2024,diciembre,10,primavera,1.19,1.36,34,18.8,63.2,0,59,24,0,0,0,0,0
2024-12-11,4,2024,diciembre,11,primavera,1.19,1.36,32.2,21,62.1,0,6,,0,0,0,0,0
2024-12-12,4,2024,diciembre,12,primavera,1.22,1.3,32.4,20.2,62.4,0,884,28,0,0,0,0,0
2024-12-13,4,2024,diciembre,13,primavera,1.28,1.34,34.4,20.4,57.9,0,361,33,0,0,0,0,0
2024-12-14,4,2024,diciembre,14,primavera,1.25,1.28,34.2,20,62.7,0,,,0,0,0,0,0
2024-12-15,4,2024,diciembre,15,primavera,1.25,1.28,31.4,18.6,65,0,114,90,0,0,0,0,0
2024-12-16,4,2024,diciembre,16,primavera,1.28,1.36,33,19,63.2,0,948,105,1,0,0,0,0
2024-12-17,4,2024,diciembre,17,primavera,1.22,1.28,32.2,20.2,62.5,0,66,45,0,0,0,0,0
2024-12-18,4,2024,diciembre,18,primavera,1.22,1.28,33.2,21.8,63.7,0,5,,0,0,0,0,0
2024-12-19,4,2024,diciembre,19,primavera,1.19,1.25,32,21.2,62,0,890,,0,0,0,0,0
2024-12-20,4,2024,diciembre,20,primavera,1.22,1.34,34.2,20.4,63.3,0,358,,0,0,0,0,0
2024-12-21,4,2024,diciembre,21,verano,1.25,1.36,33.4,20.2,62.6,0,,,0,0,0,0,0
2024-12-22,4,2024,diciembre,22,verano,1.25,1.36,34.2,21.6,62.1,0,159,16,0,0,0,0,0
2024-12-23,4,2024,diciembre,23,verano,1.89,2.28,30.2,22.2,65.9,0,943,26,0,0,0,0,0
2024-12-24,4,2024,diciembre,24,verano,1.92,2.34,34.4,21,63.4,0,94,1,0,0,0,0,0
2024-12-25,4,2024,diciembre,25,verano,1.92,2.34,34.2,22,63.8,0,,,0,0,0,0,0
2024-12-26,4,2024,diciembre,26,verano,1.89,2.93,32.6,22.6,64,0,842,136,0,0,0,0,0
2024-12-27,4,2024,diciembre,27,verano,1.94,3.15,31,22.4,65.9,0,209,,0,0,0,0,0
2024-12-28,4,2024,diciembre,28,verano,1.89,2.93,31.8,22,68.2,0,,,0,0,0,0,0
2024-12-29,4,2024,diciembre,29,verano,1.89,2.93,32.6,21.4,69.2,0,299,79,0,0,0,0,0
2024-12-30,4,2024,diciembre,30,verano,1.83,2.83,32,21.2,66.4,0,1354,199,0,0,0,0,0
2024-12-31,4,2024,diciembre,31,verano,1.86,2.77,27.4,22.6,78.2,1.4,199,96,0,0,0,0,0